datetime,open,high,low,close,volume,openinterest,ma5_over_ma10,dif_over_dea,mavol5_over_mavol10
2017-06-29,13.2,15.84,13.2,15.84,6861.0,0,,,
2017-06-30,17.42,17.42,17.42,17.42,7505.0,0,,1,
2017-07-03,19.16,19.16,19.16,19.16,4000.0,0,,,
2017-07-04,21.08,21.08,21.08,21.08,4782.0,0,,,
2017-07-05,23.19,23.19,23.19,23.19,6741.0,0,,,
2017-07-06,25.51,25.51,25.51,25.51,15305.0,0,1,,
2017-07-07,28.06,28.06,28.06,28.06,17572.0,0,,,
2017-07-10,30.87,30.87,30.87,30.87,113100.0,0,,,
2017-07-11,33.0,33.0,30.01,30.16,11686700.0,0,,,
2017-07-12,29.5,30.76,29.11,30.62,7570485.0,0,,,
2017-07-13,30.08,30.17,28.6,28.8,6498087.0,0,,,
2017-07-14,28.73,29.15,28.11,28.35,3799449.0,0,,,
2017-07-17,27.8,28.0,25.52,25.52,4446121.0,0,,-1,
2017-07-18,25.45,25.98,25.0,25.68,2521851.0,0,,,
2017-07-19,25.64,25.64,24.71,25.35,2651344.0,0,-1,,
2017-07-20,25.2,25.88,25.11,25.37,2466910.0,0,,,-1.0
2017-07-21,25.15,25.85,24.92,25.43,2026651.0,0,,,
2017-07-24,25.0,25.59,24.5,25.48,2235149.0,0,,,
2017-07-25,25.21,25.55,25.05,25.35,1599624.0,0,,,
2017-07-26,25.27,25.46,24.8,25.0,1411798.0,0,,,
2017-07-27,24.71,26.17,24.6,26.05,3245480.0,0,,,
2017-07-28,25.61,25.97,25.21,25.4,2062500.0,0,,,
2017-07-31,25.4,25.59,25.11,25.4,1661779.0,0,,,
2017-08-01,25.3,25.39,24.78,25.37,1863475.0,0,1,,
2017-08-02,25.23,25.35,24.68,24.68,1717775.0,0,,,1.0
2017-08-03,24.68,25.22,24.58,24.69,1319740.0,0,-1,,-1.0
2017-08-04,24.65,24.78,24.1,24.1,1423373.0,0,,,
2017-08-07,24.19,24.44,24.05,24.19,952495.0,0,,,
2017-08-08,24.1,24.18,23.78,24.06,1122700.0,0,,,
2017-08-09,23.95,24.0,23.61,23.72,1108960.0,0,,,
2017-08-10,23.75,24.02,23.38,23.5,1131944.0,0,,,
2017-08-11,23.39,23.49,23.01,23.09,1246130.0,0,,,
2017-08-14,23.0,23.42,23.0,23.36,1144229.0,0,,,
2017-08-15,23.54,23.86,23.53,23.74,1491598.0,0,,,
2017-08-16,23.81,24.53,23.8,24.27,2137142.0,0,,,1.0
2017-08-17,24.2,24.45,23.9,24.17,1646736.0,0,,,
2017-08-18,24.05,24.15,23.85,24.08,1049243.0,0,1,,
2017-08-21,24.05,25.29,23.96,25.08,2790136.0,0,,1,
2017-08-22,25.1,25.78,24.95,25.15,2871833.0,0,,,
2017-08-23,25.15,26.38,24.76,26.12,5492274.0,0,,,
2017-08-24,25.67,26.49,24.95,25.16,4523961.0,0,,,
2017-08-25,24.71,26.13,24.71,25.95,4037206.0,0,,,
2017-08-28,26.4,28.44,26.01,27.59,5958199.0,0,,,
2017-08-29,27.3,29.97,27.12,27.98,7374690.0,0,,,
2017-08-30,27.3,28.74,27.13,27.93,5125307.0,0,,,
2017-08-31,28.4,30.42,28.11,30.02,7251231.0,0,,,
2017-09-01,29.68,30.19,28.71,29.17,4729902.0,0,,,
2017-09-04,29.2,29.24,27.8,28.17,4383203.0,0,,,
2017-09-05,28.0,28.88,28.0,28.38,2837099.0,0,,,-1.0
2017-09-06,28.0,28.37,27.4,27.96,2976223.0,0,,,
2017-09-07,27.82,28.73,27.82,27.97,2481141.0,0,,,
2017-09-08,27.82,28.18,27.11,27.5,2446232.0,0,-1,,
2017-09-11,27.5,28.13,27.4,28.13,2443926.0,0,,,
2017-09-12,28.2,28.2,27.31,27.43,2048911.0,0,,-1,
2017-09-13,27.42,27.88,27.32,27.75,1224656.0,0,,,
2017-09-14,27.8,28.17,27.66,27.91,1557504.0,0,,,
2017-09-15,27.92,28.2,27.42,27.53,1330500.0,0,,,
2017-09-18,27.3,27.5,26.65,27.09,1435115.0,0,,,
2017-09-19,26.99,27.58,26.81,27.1,897826.0,0,,,
2017-09-20,27.11,27.83,27.0,27.8,1554419.0,0,,,
2017-09-21,27.75,28.37,27.52,27.52,1985368.0,0,,,
2017-09-22,27.47,28.5,27.23,28.42,3017512.0,0,,,1.0
2017-09-25,28.48,29.3,27.86,28.09,2994358.0,0,1,,
2017-09-26,27.9,28.32,26.68,26.9,2102303.0,0,,,
2017-09-27,26.92,27.42,26.72,27.29,944704.0,0,,,
2017-09-28,27.3,27.58,27.2,27.33,1097367.0,0,,,
2017-09-29,27.33,27.65,27.27,27.63,1026434.0,0,-1,,-1.0
2017-10-09,28.12,28.4,27.8,27.91,831887.0,0,,,
2017-10-10,27.99,28.65,27.81,28.65,1636142.0,0,1,,
2017-10-11,28.6,28.98,27.8,28.14,1911979.0,0,,,
2017-10-12,28.15,28.5,27.9,28.33,1106873.0,0,,1,
2017-10-13,28.44,29.97,28.28,29.46,4035651.0,0,,,1.0
2017-10-16,29.37,29.37,27.8,28.16,2578413.0,0,,,
2017-10-17,28.02,28.96,28.01,28.67,1691214.0,0,,,
2017-10-18,28.78,28.9,27.89,28.07,1588002.0,0,,-1,
2017-10-19,27.95,28.18,27.11,27.44,1625012.0,0,,,
2017-10-20,27.59,27.86,27.24,27.81,1104854.0,0,-1,,-1.0
2017-10-23,27.66,28.6,27.66,28.6,1817738.0,0,,,
2017-10-24,28.61,28.85,27.48,28.3,1631141.0,0,,,
2017-10-25,28.28,31.13,28.26,30.0,8393603.0,0,,1,1.0
2017-10-26,29.33,30.87,29.2,30.72,6423654.0,0,1,,
2017-10-27,30.4,30.76,29.83,30.3,3425710.0,0,,,
2017-10-30,29.5,29.78,27.75,27.88,3558182.0,0,,,
2017-10-31,27.95,28.45,27.79,28.37,1667669.0,0,,-1,
2017-11-01,28.25,28.98,28.15,28.64,1966368.0,0,,,
2017-11-02,28.69,28.91,28.05,28.75,1850823.0,0,-1,,-1.0
2017-11-03,28.73,28.78,27.95,28.16,1596862.0,0,,,
2017-11-06,28.22,29.2,28.22,29.12,1797309.0,0,,,
2017-11-07,29.17,29.39,28.82,29.33,2261132.0,0,,,
2017-11-08,29.33,29.79,29.12,29.28,2246375.0,0,,,
2017-11-09,29.28,29.6,29.04,29.5,1473818.0,0,1,1,
2017-11-10,29.33,29.86,29.26,29.28,2027815.0,0,,,
2017-11-13,29.32,29.86,29.05,29.65,2021011.0,0,,,1.0
2017-11-14,29.55,30.37,29.45,29.96,2814283.0,0,,,
2017-11-15,29.92,30.82,29.68,30.35,2756073.0,0,,,
2017-11-16,30.0,30.41,28.7,28.77,2438341.0,0,,-1,
2017-11-17,28.75,28.82,26.31,26.46,2687517.0,0,-1,,
2017-11-20,26.36,26.93,25.6,26.79,1099039.0,0,,,
2017-11-21,26.55,26.96,25.75,26.28,1386705.0,0,,,-1.0
2017-11-22,26.29,26.66,26.02,26.29,1093182.0,0,,,
2017-11-23,26.28,26.28,25.08,25.11,1398482.0,0,,,
2017-11-24,25.07,25.27,24.93,24.99,888003.0,0,,,
2017-11-27,24.98,25.25,24.55,24.56,828844.0,0,,,
2017-11-28,24.72,25.15,24.5,25.11,627722.0,0,,,
2017-11-29,25.16,25.25,24.47,24.95,828800.0,0,,,
2017-11-30,24.97,25.3,24.91,25.18,641700.0,0,,,
2017-12-01,25.16,25.58,25.0,25.4,647341.0,0,,,
2017-12-04,25.3,25.3,23.6,23.86,1115764.0,0,,,
2017-12-05,23.9,23.99,22.93,23.08,1117050.0,0,,,
2017-12-06,23.24,23.74,22.84,23.62,868011.0,0,,,
2017-12-07,23.62,23.84,23.45,23.69,537550.0,0,,,1.0
2017-12-08,23.69,24.28,23.53,24.06,804623.0,0,,,
2017-12-11,23.98,24.34,23.81,24.17,634502.0,0,,,
2017-12-12,24.1,24.1,23.5,23.55,641980.0,0,,,-1.0
2017-12-13,23.55,24.06,23.49,23.9,572221.0,0,,,
2017-12-14,23.77,24.07,23.52,23.92,525815.0,0,,1,
2017-12-15,23.93,24.11,23.7,23.85,502646.0,0,1,,
2017-12-18,23.88,24.0,23.63,23.78,313141.0,0,,,
2017-12-19,23.78,24.14,23.74,24.07,568041.0,0,,,
2017-12-20,24.07,24.18,23.68,23.7,485800.0,0,-1,,
2017-12-21,23.7,23.81,23.12,23.68,591541.0,0,,,
2017-12-22,23.59,23.81,23.57,23.62,267382.0,0,,,
2017-12-25,23.5,23.58,22.88,23.14,641347.0,0,,,
2017-12-26,23.14,24.1,23.14,23.91,1080423.0,0,,,1.0
2017-12-27,23.76,24.24,23.76,23.86,893182.0,0,,,
2017-12-28,23.83,24.41,23.67,24.1,877305.0,0,,,
2017-12-29,24.06,24.45,24.0,24.42,770409.0,0,1,,
2018-01-02,24.47,24.66,24.21,24.5,597516.0,0,,,
2018-01-03,24.51,24.54,24.25,24.45,563490.0,0,,,
2018-01-04,24.44,24.55,24.11,24.18,627682.0,0,,,-1.0
2018-01-05,24.11,24.32,24.11,24.25,559141.0,0,,,
2018-01-08,24.23,24.25,23.92,24.2,556000.0,0,,,
2018-01-09,24.2,24.4,24.1,24.4,653823.0,0,,,
2018-01-10,24.4,24.4,23.69,23.86,768264.0,0,-1,,
2018-01-11,23.76,24.31,23.63,24.29,643455.0,0,,,
2018-01-12,24.27,24.5,24.03,24.11,601044.0,0,,,1.0
2018-01-15,24.01,24.11,23.28,23.32,893900.0,0,,,
2018-01-16,23.29,23.98,23.29,23.85,490882.0,0,,,
2018-01-17,23.85,24.61,23.75,24.58,1062882.0,0,,,
2018-01-18,24.75,26.3,24.58,24.75,1571923.0,0,,,
2018-01-19,24.51,25.51,24.38,24.52,1252972.0,0,1,,
2018-01-22,24.21,24.47,23.7,24.29,1003269.0,0,,,
2018-01-23,24.2,24.83,24.2,24.48,770407.0,0,,,
2018-01-24,24.37,24.78,24.12,24.69,936441.0,0,,,
2018-01-25,24.74,24.88,24.39,24.39,744641.0,0,,,
2018-01-26,24.39,24.47,23.88,24.0,580000.0,0,,,-1.0
2018-01-29,23.82,24.08,23.53,23.72,432405.0,0,-1,,
2018-01-30,23.7,23.75,23.48,23.65,485800.0,0,,-1,
2018-01-31,23.22,23.6,22.6,22.7,771800.0,0,,,
2018-02-01,22.7,22.88,21.6,21.6,784441.0,0,,,
2018-02-02,21.0,21.9,20.75,21.34,622953.0,0,,,
2018-02-05,20.91,21.47,20.85,21.12,342800.0,0,,,
2018-02-06,20.77,20.83,19.08,19.1,863406.0,0,,,1.0
2018-02-07,19.7,19.8,18.88,19.52,643240.0,0,,,
2018-02-08,19.2,19.98,19.2,19.72,500659.0,0,,,-1.0
2018-02-09,19.21,19.59,18.61,18.9,659341.0,0,,,
2018-02-12,19.02,19.68,18.9,19.55,435200.0,0,,,1.0
2018-02-13,19.78,19.78,19.23,19.3,424323.0,0,,,-1.0
2018-02-14,19.32,19.42,19.05,19.23,262300.0,0,,,
2018-02-22,19.4,19.58,19.28,19.47,277100.0,0,,,
2018-02-23,19.47,19.68,19.41,19.57,378000.0,0,,,
2018-02-26,19.8,20.5,19.76,20.5,898699.0,0,1,,
2018-02-27,20.45,20.7,20.33,20.53,493300.0,0,,1,
2018-02-28,20.31,20.38,20.06,20.2,465200.0,0,,,1.0
2018-03-01,20.1,20.62,20.1,20.61,444358.0,0,,,
2018-03-02,20.4,20.66,20.31,20.36,400200.0,0,,,
2018-03-05,20.49,21.0,20.38,20.98,1147349.0,0,,,
2018-03-06,21.0,21.55,20.78,21.16,1034171.0,0,,,
2018-03-07,21.16,21.45,21.02,21.28,714626.0,0,,,
2018-03-08,21.22,21.85,21.21,21.72,888435.0,0,,,
2018-03-09,21.7,22.45,21.58,22.4,970082.0,0,,,
2018-03-12,22.46,22.95,22.31,22.45,709467.0,0,,,
2018-03-13,22.53,22.53,22.05,22.12,636564.0,0,,,
2018-03-14,22.16,22.39,21.88,21.99,873482.0,0,,,
2018-03-15,22.03,22.09,20.78,21.47,1349838.0,0,,,
2018-03-16,21.46,21.89,21.3,21.79,704742.0,0,,,-1.0
2018-03-19,21.98,22.5,21.6,22.36,769645.0,0,,,1.0
2018-03-20,22.3,22.8,22.07,22.8,837984.0,0,,,
2018-03-21,22.73,23.45,22.66,23.18,1444864.0,0,,,
2018-03-22,23.88,23.88,22.89,23.4,1128790.0,0,,,
2018-03-23,22.7,24.5,21.68,21.87,1489100.0,0,,,
2018-03-26,21.95,22.8,21.03,22.49,1069100.0,0,,,
2018-03-27,23.55,23.8,22.49,23.08,1346791.0,0,,,
2018-03-28,23.09,25.39,22.8,24.59,3380413.0,0,,,
2018-03-29,24.18,25.29,23.6,24.33,1932932.0,0,,,
2018-03-30,24.96,24.96,24.05,24.41,1519212.0,0,,,
2018-04-02,24.5,24.98,23.88,24.25,1464931.0,0,,,
2018-04-03,24.2,24.24,23.68,23.96,1162182.0,0,,,
2018-04-04,24.28,24.65,24.0,24.28,1262782.0,0,,,-1.0
2018-04-09,24.29,24.85,23.81,24.85,1271366.0,0,,,
2018-04-10,24.55,24.97,23.8,24.54,1212928.0,0,,,
2018-04-11,24.85,25.85,24.61,25.78,2203360.0,0,,,
2018-04-12,25.8,26.49,25.7,26.36,2416520.0,0,,,
2018-04-13,24.3,25.17,24.16,24.72,3277457.0,0,,,1.0
2018-04-16,24.53,24.85,24.25,24.5,1275341.0,0,,,
2018-04-17,24.55,24.77,22.66,23.03,1037351.0,0,,-1,
2018-04-18,23.1,23.76,22.4,23.52,834753.0,0,-1,,
2018-04-19,23.4,23.56,22.5,22.92,676244.0,0,,,-1.0
2018-04-20,22.88,22.9,22.0,22.21,612325.0,0,,,
2018-04-23,22.22,22.38,21.81,22.08,433000.0,0,,,
2018-04-24,22.3,23.48,22.1,23.39,812194.0,0,,,
2018-04-25,23.0,23.69,23.0,23.63,706890.0,0,,,
2018-04-26,23.43,23.5,23.22,23.3,463912.0,0,,,
2018-04-27,23.31,23.87,23.31,23.48,507949.0,0,,,
2018-05-02,23.94,24.0,23.21,23.21,462956.0,0,1,,
2018-05-03,22.96,23.58,22.55,23.45,434210.0,0,,,
2018-05-04,23.49,23.68,23.0,23.22,387840.0,0,,,
2018-05-07,23.1,24.04,23.1,24.0,841459.0,0,,,
2018-05-08,23.98,24.45,23.81,24.35,666116.0,0,,1,
2018-05-09,24.47,24.47,23.99,24.14,476800.0,0,,,
2018-05-10,24.1,24.68,24.05,24.42,763168.0,0,,,1.0
2018-05-11,24.48,24.5,23.91,23.92,665600.0,0,,,
2018-05-14,23.85,24.4,23.81,24.13,373182.0,0,,,
2018-05-15,24.15,24.84,24.0,24.81,841682.0,0,,,
2018-05-16,24.62,24.82,24.32,24.36,579219.0,0,,,
2018-05-17,24.36,24.6,24.32,24.58,372241.0,0,,,-1.0
2018-05-18,24.58,24.77,24.2,24.74,502141.0,0,,,
2018-05-21,24.74,25.27,24.69,25.2,695894.0,0,,,1.0
2018-05-22,25.19,25.29,24.86,25.22,514765.0,0,,,-1.0
2018-05-23,25.23,25.5,24.88,24.88,622400.0,0,,,
2018-05-24,24.87,25.27,24.87,25.1,588323.0,0,,,1.0
2018-05-25,24.83,25.71,24.83,25.38,988182.0,0,,,
2018-05-28,25.29,25.55,24.81,25.19,621900.0,0,,,
2018-05-29,25.05,25.45,24.44,24.53,764541.0,0,,,
2018-05-30,23.77,23.77,22.75,22.97,892841.0,0,-1,-1,
2018-05-31,23.13,23.55,23.0,23.49,394801.0,0,,,
2018-06-01,23.29,24.54,23.29,23.55,699041.0,0,,,-1.0
2018-06-04,23.61,24.5,23.51,24.29,602341.0,0,,,1.0
2018-06-05,24.29,24.89,24.21,24.84,643000.0,0,,,-1.0
2018-06-06,24.68,24.99,24.6,24.93,567900.0,0,,,
2018-06-07,24.99,24.99,24.05,24.2,466300.0,0,1,,
2018-06-08,24.19,24.4,23.99,24.02,486166.0,0,,,
2018-06-11,23.67,24.38,23.67,23.73,434541.0,0,,,
2018-06-12,23.75,23.91,22.63,23.66,530823.0,0,,,
2018-06-13,23.65,23.67,22.77,22.94,454987.0,0,-1,,
2018-06-14,22.67,23.5,22.66,23.1,361841.0,0,,,
2018-06-15,22.93,23.2,22.0,22.0,455882.0,0,,,
2018-06-19,21.0,21.55,19.8,19.8,677542.0,0,,,
2018-06-20,19.81,21.69,19.73,20.68,528282.0,0,,,
2018-06-21,20.53,20.85,19.24,19.39,681100.0,0,,,1.0
2018-06-22,19.31,21.33,19.16,21.21,1171710.0,0,,,
2018-06-25,22.01,22.5,21.01,21.9,1314510.0,0,,,
2018-06-26,22.46,22.46,20.88,21.8,1123565.0,0,,,
2018-06-27,22.6,22.6,21.55,21.7,832741.0,0,,,
2018-06-28,21.29,21.44,20.35,20.62,747328.0,0,1,,
2018-06-29,20.2,21.47,20.2,21.19,598428.0,0,,,
2018-07-02,21.05,21.23,20.25,20.69,541341.0,0,,,-1.0
2018-07-03,20.68,21.25,20.58,21.16,501241.0,0,,,
2018-07-04,21.0,21.05,20.18,20.55,526841.0,0,-1,,
2018-07-05,20.55,20.7,19.91,19.92,399581.0,0,,,
2018-07-06,20.02,20.39,19.61,20.14,396600.0,0,,,
2018-07-09,20.0,20.61,19.8,20.59,313268.0,0,,,
2018-07-10,20.3,21.42,20.2,21.0,619668.0,0,,1,
2018-07-11,20.87,20.87,20.13,20.55,417528.0,0,,,
2018-07-12,20.58,21.2,20.55,21.04,677322.0,0,,,
2018-07-13,21.08,21.28,20.71,21.06,455264.0,0,1,,1.0
2018-07-16,20.88,21.19,20.81,21.03,325481.0,0,,,
2018-07-17,21.03,21.05,20.51,21.05,431505.0,0,,,
2018-07-18,21.05,21.8,20.83,21.14,986005.0,0,,,
2018-07-19,21.14,21.19,20.63,20.7,326764.0,0,,,
2018-07-20,20.71,21.15,20.52,21.0,339941.0,0,,,-1.0
2018-07-23,21.0,21.15,20.79,21.04,216700.0,0,,,
2018-07-24,21.04,21.35,20.99,21.27,468741.0,0,,,1.0
2018-07-25,21.21,21.5,20.91,21.18,435600.0,0,-1,,-1.0
2018-07-26,21.17,21.24,20.77,21.0,335200.0,0,1,,
2018-07-27,21.0,21.02,20.81,20.82,185300.0,0,,,
2018-07-30,20.71,20.78,20.13,20.35,241400.0,0,-1,,
2018-07-31,20.35,20.72,20.35,20.61,326600.0,0,,,
2018-08-01,20.5,21.23,20.43,20.43,550241.0,0,,,
2018-08-02,20.81,21.2,19.82,20.61,776278.0,0,,,1.0
2018-08-03,20.96,20.98,20.49,20.62,261200.0,0,,,
2018-08-06,20.4,20.8,20.17,20.4,200200.0,0,,,
2018-08-07,20.58,20.78,20.41,20.73,229941.0,0,,,
2018-08-08,20.75,20.75,20.39,20.4,197900.0,0,,,
2018-08-09,20.4,21.24,20.11,20.77,358441.0,0,1,,-1.0
2018-08-10,20.98,21.03,20.59,20.87,160800.0,0,,,
2018-08-13,20.55,21.08,20.43,21.01,234300.0,0,,,
2018-08-14,21.05,21.69,20.92,21.34,558300.0,0,,,
2018-08-15,21.44,21.44,20.95,21.01,266500.0,0,,,
2018-08-16,21.0,21.0,20.51,20.81,212900.0,0,,,1.0
2018-08-17,20.91,21.06,20.18,20.3,207400.0,0,,,
2018-08-20,20.31,21.0,20.06,20.8,440200.0,0,,,
2018-08-21,20.86,20.96,20.46,20.7,234000.0,0,-1,,-1.0
2018-08-22,20.8,20.8,20.43,20.53,161400.0,0,,,
2018-08-23,20.32,20.73,20.32,20.5,203900.0,0,,,
2018-08-24,20.5,20.98,20.32,20.68,326541.0,0,,,
2018-08-27,20.62,20.83,20.62,20.82,285123.0,0,,,
2018-08-28,20.79,20.89,20.63,20.7,146800.0,0,,,
2018-08-29,20.7,20.72,20.52,20.59,88700.0,0,1,,
2018-08-30,20.63,20.69,20.45,20.49,88100.0,0,,,
2018-08-31,20.5,20.65,20.23,20.26,190000.0,0,-1,-1,
2018-09-03,20.27,20.8,19.87,20.37,264300.0,0,,,
2018-09-04,20.21,20.5,20.05,20.38,125500.0,0,,,
2018-09-05,20.21,20.39,20.01,20.04,122300.0,0,,,
2018-09-06,20.02,20.13,19.66,19.76,176400.0,0,,,
2018-09-07,19.75,20.0,19.61,19.76,174382.0,0,,,1.0
2018-09-10,19.77,19.82,19.0,19.28,97100.0,0,,,-1.0
2018-09-11,19.44,19.85,19.1,19.62,179500.0,0,,,
2018-09-12,19.37,19.65,19.32,19.48,83723.0,0,,,
2018-09-13,19.59,19.7,19.23,19.48,200100.0,0,,,
2018-09-14,19.46,19.49,19.19,19.19,114800.0,0,,,
2018-09-17,19.1,19.25,18.7,18.8,75903.0,0,,,
2018-09-18,18.62,19.12,18.6,19.03,179000.0,0,,,
2018-09-19,19.03,19.35,18.71,19.22,174900.0,0,,,1.0
2018-09-20,19.15,19.27,19.06,19.07,84482.0,0,,,-1.0
2018-09-21,19.09,19.3,19.02,19.3,134100.0,0,,,
2018-09-25,19.31,19.46,19.15,19.34,131300.0,0,,,1.0
2018-09-26,19.53,19.53,19.25,19.34,186400.0,0,1,1,
2018-09-27,19.07,19.41,19.07,19.12,159900.0,0,,,-1.0
2018-09-28,19.0,19.24,18.8,19.16,213800.0,0,,,1.0
2018-10-08,18.91,19.0,18.61,18.73,196403.0,0,,,
2018-10-09,18.98,18.98,18.65,18.65,116178.0,0,-1,-1,
2018-10-10,18.75,18.86,18.23,18.75,176978.0,0,,,
2018-10-11,18.31,18.51,17.02,17.33,369800.0,0,,,
2018-10-12,17.29,18.19,16.19,17.98,465500.0,0,,,
2018-10-15,18.4,18.4,17.15,17.44,295500.0,0,,,
2018-10-16,17.7,17.7,16.79,16.82,235200.0,0,,,
2018-10-17,17.01,17.27,16.65,16.81,350800.0,0,,,
2018-10-18,16.71,17.7,16.44,16.94,467255.0,0,,,
2018-10-19,16.74,17.3,16.65,17.22,427800.0,0,,,
2018-10-22,17.25,18.2,17.15,17.81,618500.0,0,,,
2018-10-23,17.69,18.08,17.36,17.8,319300.0,0,,,
2018-10-24,17.62,17.8,17.44,17.5,240300.0,0,1,1,
2018-10-25,16.88,17.28,16.87,17.17,364000.0,0,,,
2018-10-26,17.25,17.46,16.83,17.1,290900.0,0,,,
2018-10-29,17.04,17.19,16.91,17.11,182300.0,0,,,-1.0
2018-10-30,16.76,17.32,16.74,17.2,189900.0,0,-1,,
2018-10-31,17.17,17.68,17.17,17.5,457900.0,0,,,
2018-11-01,17.52,17.88,17.46,17.5,483500.0,0,,,
2018-11-02,17.69,17.98,17.59,17.87,364100.0,0,,,
2018-11-05,17.95,18.39,17.61,17.99,484300.0,0,1,,1.0
2018-11-06,17.98,17.98,17.41,17.72,335400.0,0,,,
2018-11-07,17.66,17.9,17.66,17.79,248400.0,0,,,
2018-11-08,17.89,17.98,17.45,17.79,340841.0,0,,,
2018-11-09,17.86,18.0,17.48,18.0,270900.0,0,,,
2018-11-12,17.93,18.87,17.67,18.57,497900.0,0,,,-1.0
2018-11-13,18.39,18.8,18.21,18.66,531500.0,0,,,
2018-11-14,18.61,18.82,18.52,18.64,447400.0,0,,,1.0
2018-11-15,19.01,19.7,19.01,19.57,1274400.0,0,,,
2018-11-16,19.5,19.8,19.3,19.55,849400.0,0,,,
2018-11-19,19.35,19.6,19.18,19.4,502300.0,0,,,
2018-11-20,19.25,19.51,18.78,18.84,460000.0,0,,,
2018-11-21,18.26,19.39,18.26,19.28,719900.0,0,,,
2018-11-22,19.37,19.75,19.25,19.33,439500.0,0,,,-1.0
2018-11-23,19.47,19.69,18.44,18.7,641100.0,0,,,
2018-11-26,18.41,18.98,18.22,18.28,443100.0,0,-1,,
2018-11-27,18.57,18.63,18.34,18.5,343457.0,0,,,
2018-11-28,18.24,18.78,18.07,18.66,276808.0,0,,-1,
2018-11-29,18.45,18.76,18.13,18.26,382727.0,0,,,
2018-11-30,18.07,18.6,17.85,18.42,348233.0,0,,,
2018-12-03,18.68,18.97,18.6,18.89,386940.0,0,,,
2018-12-04,18.89,19.15,18.62,19.06,449772.0,0,,,
2018-12-05,18.51,18.91,18.51,18.78,292233.0,0,,,
2018-12-06,19.13,19.13,18.22,18.25,329233.0,0,1,,
2018-12-07,18.3,18.6,18.11,18.58,296500.0,0,,,
2018-12-10,18.42,18.5,18.08,18.49,205479.0,0,,,
2018-12-11,18.47,18.59,18.37,18.59,267241.0,0,-1,,
2018-12-12,18.67,18.67,18.43,18.55,189200.0,0,,,
2018-12-13,18.67,18.83,18.4,18.83,289179.0,0,,,
2018-12-14,18.53,18.86,18.26,18.52,380079.0,0,,,
2018-12-17,18.35,18.43,18.11,18.32,213841.0,0,,,
2018-12-18,18.2,18.5,18.03,18.38,152899.0,0,,,
2018-12-19,18.42,18.42,18.12,18.14,143800.0,0,,,
2018-12-20,18.03,18.28,18.02,18.26,262392.0,0,,,
2018-12-21,18.31,18.35,18.04,18.16,162900.0,0,,,
2018-12-24,18.1,18.51,18.03,18.44,234233.0,0,,,
2018-12-25,18.26,18.49,17.85,18.49,374900.0,0,,,
2018-12-26,18.47,18.52,18.3,18.32,246200.0,0,,,1.0
2018-12-27,18.45,18.8,18.07,18.22,387435.0,0,1,,
2018-12-28,18.11,18.28,18.08,18.24,175235.0,0,,,
2019-01-02,18.18,18.35,18.0,18.07,200000.0,0,-1,,
2019-01-03,18.13,18.27,17.94,18.07,227040.0,0,,,
2019-01-04,18.01,18.34,17.84,18.3,224700.0,0,,,-1.0
2019-01-07,18.35,18.63,18.31,18.55,341056.0,0,,1,
2019-01-08,18.9,18.9,18.28,18.59,360800.0,0,,,
2019-01-09,18.67,18.9,18.41,18.51,388600.0,0,1,,1.0
2019-01-10,18.54,18.7,18.46,18.51,186500.0,0,,,
2019-01-11,18.54,18.75,18.36,18.7,314200.0,0,,,
2019-01-14,18.52,18.75,18.5,18.59,176100.0,0,,,
2019-01-15,18.53,18.92,18.39,18.75,268041.0,0,,,-1.0
2019-01-16,18.79,18.88,18.58,18.74,362700.0,0,,,
2019-01-17,18.65,18.72,18.33,18.4,239565.0,0,,,
2019-01-18,18.42,18.59,18.33,18.38,342935.0,0,,,
2019-01-21,18.4,18.49,18.27,18.38,219474.0,0,-1,,1.0
2019-01-22,18.44,18.46,18.09,18.3,329841.0,0,,-1,
2019-01-23,18.32,18.45,18.18,18.4,191700.0,0,,,
2019-01-24,18.4,18.69,18.32,18.61,425475.0,0,,,
2019-01-25,18.57,18.69,18.38,18.52,284000.0,0,,1,
2019-01-28,18.64,18.68,18.34,18.45,289312.0,0,,-1,
2019-01-29,18.43,18.45,17.66,17.97,353241.0,0,,,
2019-01-30,17.82,18.07,17.69,17.79,185289.0,0,,,
2019-01-31,17.8,17.8,17.07,17.1,397800.0,0,,,
2019-02-01,17.11,17.76,17.11,17.48,355997.0,0,,,
2019-02-11,17.52,18.68,17.48,18.45,318900.0,0,,,
2019-02-12,18.34,18.44,18.0,18.15,428000.0,0,,,
2019-02-13,18.3,18.46,18.05,18.4,567300.0,0,,,
2019-02-14,18.31,18.47,18.25,18.4,308100.0,0,1,1,
2019-02-15,18.3,18.45,18.27,18.42,229146.0,0,,,
2019-02-18,18.49,18.95,18.3,18.83,635605.0,0,,,
2019-02-19,18.93,18.98,18.61,18.75,397458.0,0,,,
2019-02-20,18.8,18.88,18.66,18.86,380341.0,0,,,-1.0
2019-02-21,19.09,19.09,18.62,18.83,446000.0,0,,,1.0
2019-02-22,18.79,18.98,18.62,18.96,468700.0,0,,,
2019-02-25,19.01,19.63,19.01,19.55,1028446.0,0,,,
2019-02-26,19.58,19.65,19.31,19.37,940023.0,0,,,
2019-02-27,19.37,19.58,19.1,19.41,783741.0,0,,,
2019-02-28,19.43,19.52,19.26,19.4,651966.0,0,,,
2019-03-01,19.46,19.98,19.32,19.72,841394.0,0,,,
2019-03-04,19.72,20.08,19.56,19.68,1222155.0,0,,,
2019-03-05,19.68,20.01,19.61,19.97,930700.0,0,,,
2019-03-06,20.0,20.3,19.76,20.2,1085264.0,0,,,
2019-03-07,20.21,20.84,20.02,20.69,1051245.0,0,,,
2019-03-08,20.39,20.6,19.5,19.7,1204982.0,0,,,
2019-03-11,19.67,20.43,19.67,20.3,645489.0,0,,,
2019-03-12,20.45,20.9,20.34,20.54,1016424.0,0,,,
2019-03-13,20.5,21.05,20.1,20.28,912789.0,0,,,
2019-03-14,20.01,20.36,19.34,19.66,763300.0,0,,,-1.0
2019-03-15,19.8,20.38,19.8,20.2,675197.0,0,,,
2019-03-18,20.47,20.68,20.01,20.6,840482.0,0,,,
2019-03-19,20.68,20.8,20.51,20.62,651403.0,0,-1,,
2019-03-20,20.68,20.96,20.37,20.58,833985.0,0,1,,
2019-03-21,20.55,21.69,20.51,21.2,1200102.0,0,,,
2019-03-22,21.05,21.5,20.85,21.42,771150.0,0,,,1.0
2019-03-25,21.23,21.5,21.0,21.33,774100.0,0,,,
2019-03-26,21.64,21.73,20.78,20.81,878710.0,0,,,
2019-03-27,20.8,21.0,20.6,20.9,607289.0,0,,,
2019-03-28,20.9,21.08,20.62,20.73,515700.0,0,,-1,-1.0
2019-03-29,20.7,21.19,20.67,21.13,812224.0,0,,,
2019-04-01,21.29,21.79,21.03,21.6,829100.0,0,,1,
2019-04-02,21.72,21.78,21.54,21.75,699933.0,0,,,
2019-04-03,22.05,22.2,21.51,21.97,973817.0,0,,,
2019-04-04,21.98,22.48,21.78,22.04,895200.0,0,,,1.0
2019-04-08,21.97,22.27,21.82,22.13,1778982.0,0,,,
2019-04-09,22.13,22.53,21.81,22.3,1151500.0,0,,,
2019-04-10,22.21,22.74,21.9,22.6,1535400.0,0,,,
2019-04-11,22.15,22.83,22.15,22.49,990441.0,0,,,
2019-04-12,22.44,22.57,21.75,22.5,1058802.0,0,,,
2019-04-15,21.8,22.13,21.63,21.7,1829136.0,0,,-1,
2019-04-16,21.75,21.75,20.79,21.39,1209688.0,0,,,
2019-04-17,21.38,21.92,21.35,21.8,819941.0,0,-1,,-1.0
2019-04-18,21.97,22.3,21.49,22.17,851844.0,0,,,
2019-04-19,22.31,22.42,22.0,22.4,1149788.0,0,,,
2019-04-22,22.18,22.45,21.6,22.22,980672.0,0,,,
2019-04-23,22.0,22.31,21.6,21.68,698900.0,0,,,
2019-04-24,21.88,22.22,21.61,22.07,612880.0,0,1,,
2019-04-25,22.2,22.27,21.16,21.49,829900.0,0,,,
2019-04-26,20.41,21.34,20.41,20.93,603574.0,0,-1,,
2019-04-29,21.16,21.16,20.0,20.6,883100.0,0,,,
2019-04-30,20.41,20.73,20.03,20.59,485000.0,0,,,
2019-05-06,20.03,20.18,19.56,20.15,692700.0,0,,,
2019-05-07,20.25,20.39,19.88,20.1,640632.0,0,,,
2019-05-08,19.98,20.26,19.55,20.07,345497.0,0,,,
2019-05-09,20.06,20.3,19.72,19.99,369220.0,0,,,
2019-05-10,19.86,21.47,19.86,20.85,869657.0,0,,,
2019-05-13,20.49,21.16,20.38,20.8,506550.0,0,,,
2019-05-14,20.57,21.0,20.36,20.67,374441.0,0,1,,
2019-05-15,20.61,21.9,20.56,21.24,727800.0,0,,,
2019-05-16,21.3,21.47,21.01,21.2,438038.0,0,,,1.0
2019-05-17,21.2,21.46,20.36,20.74,615342.0,0,,,-1.0
2019-05-20,20.75,20.75,20.14,20.3,368042.0,0,,,
2019-05-21,20.9,20.9,20.32,20.5,326000.0,0,,,1.0
2019-05-22,20.51,20.62,20.21,20.4,383200.0,0,-1,,-1.0
2019-05-23,20.28,20.55,20.0,20.3,321100.0,0,,,
2019-05-24,20.25,20.25,20.02,20.09,159000.0,0,,,
2019-05-27,19.88,20.54,19.87,20.44,157695.0,0,,,
2019-05-28,20.46,20.62,20.33,20.5,234241.0,0,,,
2019-05-29,20.43,20.57,20.22,20.5,190000.0,0,,,
2019-05-30,20.22,20.37,20.03,20.25,226100.0,0,,1,
2019-05-31,20.74,20.74,20.12,20.5,324023.0,0,1,,
2019-06-03,20.5,20.69,20.2,20.23,312823.0,0,,,
2019-06-04,20.23,20.56,20.22,20.45,309400.0,0,,,1.0
2019-06-05,20.52,20.65,20.35,20.59,372588.0,0,,,
2019-06-06,20.53,20.57,19.9,20.2,516548.0,0,,,
2019-06-10,20.01,20.23,19.87,20.0,226241.0,0,-1,,
2019-06-11,19.95,20.49,19.95,20.41,543971.0,0,1,,
2019-06-12,20.5,20.9,20.3,20.38,285041.0,0,-1,,
2019-06-13,20.31,20.44,20.23,20.39,271000.0,0,,,
2019-06-14,20.38,20.38,19.91,20.2,435800.0,0,,,-1.0
2019-06-17,20.14,20.26,19.98,20.2,251100.0,0,1,,1.0
2019-06-18,20.22,20.22,20.03,20.19,260736.0,0,-1,,-1.0
2019-06-19,20.54,22.21,20.3,20.8,938862.0,0,1,,1.0
2019-06-20,20.64,20.8,20.3,20.58,680840.0,0,,,
2019-06-21,21.7,21.7,20.82,21.22,833011.0,0,,,
2019-06-24,21.16,21.16,20.8,21.01,481311.0,0,,,
2019-06-25,21.04,21.1,20.72,20.93,370000.0,0,,,
2019-06-26,20.89,21.5,20.77,21.25,588500.0,0,,,
2019-06-27,21.16,21.28,21.06,21.25,442259.0,0,,,
2019-06-28,21.25,21.25,20.84,20.88,412363.0,0,,,-1.0
2019-07-01,21.05,21.74,21.05,21.4,785629.0,0,,,
2019-07-02,21.3,21.95,21.3,21.69,1092819.0,0,,,1.0
2019-07-03,21.68,21.88,21.3,21.63,861256.0,0,,,
2019-07-04,21.88,22.89,21.65,22.33,1524607.0,0,,,
2019-07-05,21.8,22.25,21.8,22.0,840859.0,0,,,
2019-07-08,22.0,22.0,21.25,21.43,625432.0,0,,,
2019-07-09,21.55,21.78,21.32,21.71,295359.0,0,,,
2019-07-10,21.71,23.0,21.6,21.96,802156.0,0,,,
2019-07-11,21.97,22.05,21.73,21.94,562056.0,0,,,-1.0
2019-07-12,22.0,22.01,21.72,21.97,365689.0,0,-1,,
2019-07-15,22.0,22.25,21.61,22.23,840819.0,0,1,,
2019-07-16,22.25,22.33,21.96,22.09,458641.0,0,,,
2019-07-17,22.23,22.23,21.8,21.88,453400.0,0,,,
2019-07-18,21.89,21.89,21.28,21.6,420341.0,0,,-1,
2019-07-19,22.0,22.0,21.6,21.81,408204.0,0,,,
2019-07-22,22.0,22.0,20.78,21.37,453500.0,0,-1,,
2019-07-23,21.33,21.44,21.16,21.38,206400.0,0,,,
2019-07-24,21.22,21.5,21.21,21.37,336300.0,0,,,
2019-07-25,21.23,21.4,21.13,21.37,560200.0,0,,,
2019-07-26,21.3,21.4,21.19,21.37,221600.0,0,,,
2019-07-29,21.34,21.62,21.21,21.37,212500.0,0,,,
2019-07-30,21.35,21.51,21.23,21.49,289000.0,0,,,
2019-07-31,22.1,22.2,21.52,21.69,539241.0,0,,,
2019-08-01,21.88,21.88,21.15,21.45,522811.0,0,1,,
2019-08-02,21.41,21.41,20.96,21.3,583200.0,0,,,1.0
2019-08-05,21.16,21.44,21.05,21.25,276400.0,0,,,
2019-08-06,21.0,21.16,20.7,21.06,550400.0,0,-1,,
2019-08-07,21.14,21.43,20.73,21.3,408695.0,0,,,
2019-08-08,21.4,21.54,21.21,21.3,534100.0,0,,,
2019-08-09,21.5,21.5,20.9,21.3,285600.0,0,,,-1.0
2019-08-12,21.3,21.3,20.91,21.21,810500.0,0,,,1.0
2019-08-13,21.14,21.16,20.4,20.98,765000.0,0,,,
2019-08-14,21.08,21.29,20.75,21.08,545800.0,0,,,
2019-08-15,20.7,21.2,20.52,21.2,356000.0,0,,,
2019-08-16,21.29,21.53,21.07,21.37,593700.0,0,,,
2019-08-19,21.48,21.87,21.28,21.78,837000.0,0,1,1,
2019-08-20,21.76,21.78,21.5,21.6,517500.0,0,,,
2019-08-21,21.69,21.69,21.2,21.48,557300.0,0,,,-1.0
2019-08-22,21.42,21.65,21.15,21.38,483200.0,0,,,1.0
2019-08-23,21.2,21.5,20.96,21.34,588600.0,0,,,-1.0
2019-08-26,21.05,21.15,20.82,21.08,389200.0,0,,-1,
2019-08-27,21.16,21.95,21.06,21.79,940500.0,0,,1,1.0
2019-08-28,21.8,21.91,21.5,21.69,846500.0,0,-1,,
2019-08-29,21.73,21.82,21.55,21.66,508800.0,0,,,
2019-08-30,21.63,21.9,21.31,21.59,602900.0,0,1,,
2019-09-02,21.7,22.24,21.46,22.12,860400.0,0,,,
2019-09-03,22.26,22.3,21.87,22.02,511800.0,0,,,
2019-09-04,22.0,22.68,21.9,22.59,1137000.0,0,,,
2019-09-05,22.59,23.49,22.45,22.8,1736100.0,0,,,
2019-09-06,22.81,23.45,22.78,23.22,1183200.0,0,,,
2019-09-09,23.38,23.87,23.15,23.42,1507200.0,0,,,
2019-09-10,23.68,23.68,22.96,23.09,716500.0,0,,,
2019-09-11,23.19,23.32,22.86,22.87,489700.0,0,,,
2019-09-12,22.86,23.48,22.46,23.48,813500.0,0,,,-1.0
2019-09-16,23.54,23.84,23.32,23.39,731100.0,0,,,
2019-09-17,23.46,23.47,22.95,23.0,730600.0,0,,,
2019-09-18,22.96,23.26,22.83,23.04,419900.0,0,,,
2019-09-19,23.0,23.2,22.82,23.1,519500.0,0,,,
2019-09-20,23.02,23.39,23.02,23.33,832700.0,0,-1,,
2019-09-23,23.32,23.32,22.53,23.04,531800.0,0,,,
2019-09-24,23.04,23.15,22.81,23.03,330900.0,0,,-1,
2019-09-25,23.04,23.13,22.51,22.59,548100.0,0,,,
2019-09-26,22.6,22.93,22.23,22.28,417900.0,0,,,
2019-09-27,22.38,22.79,22.14,22.54,459700.0,0,,,
2019-09-30,22.5,23.03,22.47,22.62,302600.0,0,,,
2019-10-08,22.88,23.26,22.63,23.19,619600.0,0,,,
2019-10-09,23.29,23.29,22.71,23.2,456000.0,0,,,
2019-10-10,23.2,23.39,23.02,23.32,478600.0,0,1,,
2019-10-11,23.31,23.33,22.91,23.15,549100.0,0,,,1.0
2019-10-14,23.0,23.19,22.27,22.96,749900.0,0,,,
2019-10-15,22.81,23.3,22.81,23.12,485900.0,0,,,
2019-10-16,23.11,24.2,22.94,23.75,1143200.0,0,,1,
2019-10-17,23.74,24.1,23.52,24.0,928600.0,0,,,
2019-10-18,24.01,24.21,23.33,23.65,773700.0,0,,,
2019-10-21,23.65,23.7,22.6,22.97,766900.0,0,,-1,
2019-10-22,22.96,23.2,22.84,23.05,396700.0,0,,,
2019-10-23,22.88,23.27,22.63,22.75,516500.0,0,,,-1.0
2019-10-24,22.59,23.28,22.59,23.0,465500.0,0,-1,,
2019-10-25,23.2,23.84,22.84,23.8,552100.0,0,,,
2019-10-28,23.7,24.1,23.46,23.77,613300.0,0,,,
2019-10-29,24.17,24.17,22.88,22.94,541000.0,0,,,
2019-10-30,22.74,23.55,22.72,22.98,795100.0,0,1,,
2019-10-31,22.97,23.48,22.95,22.98,366100.0,0,,,
2019-11-01,22.9,23.39,22.78,23.3,412500.0,0,,,1.0
2019-11-04,23.58,23.58,23.03,23.3,342100.0,0,-1,,-1.0
2019-11-05,23.3,23.8,22.91,23.65,561400.0,0,,,
2019-11-06,23.6,23.6,22.9,23.17,473900.0,0,,,
2019-11-07,23.05,23.26,22.92,23.14,331900.0,0,1,,
2019-11-08,23.15,23.51,22.95,23.11,633200.0,0,,,
2019-11-11,23.01,23.08,22.3,22.6,617300.0,0,,,1.0
2019-11-12,22.56,22.68,22.23,22.65,356500.0,0,-1,,-1.0
2019-11-13,22.78,22.78,22.4,22.64,280300.0,0,,,1.0
2019-11-14,22.68,22.85,22.35,22.6,365300.0,0,,,
2019-11-15,22.59,22.59,22.18,22.54,479700.0,0,,,-1.0
2019-11-18,22.5,22.81,22.04,22.81,705300.0,0,,,
2019-11-19,22.68,23.23,22.52,23.2,720100.0,0,,,1.0
2019-11-20,23.3,23.58,23.01,23.5,1005700.0,0,1,1,
2019-11-21,23.48,24.1,23.24,23.89,1729900.0,0,,,
2019-11-22,23.73,24.09,23.4,23.86,668200.0,0,,,
2019-11-25,23.62,23.99,23.38,23.78,546900.0,0,,,
2019-11-26,23.77,24.09,23.62,23.78,430900.0,0,,,
2019-11-27,23.78,23.94,23.61,23.65,331000.0,0,,,
2019-11-28,23.73,24.27,23.64,23.82,630200.0,0,,,-1.0
2019-11-29,23.82,25.12,23.72,25.01,1876800.0,0,,,
2019-12-02,24.99,25.24,24.4,24.6,1786000.0,0,,,1.0
2019-12-03,24.13,24.77,24.13,24.74,1802200.0,0,,,
2019-12-04,24.68,25.19,24.5,24.98,1278900.0,0,,,
2019-12-05,24.9,25.3,24.52,25.22,1601600.0,0,,,
2019-12-06,25.28,25.58,24.93,25.39,1421800.0,0,,,
2019-12-09,25.36,26.28,25.16,26.28,1434500.0,0,,,
2019-12-10,26.01,26.34,25.9,26.18,1116800.0,0,,,
2019-12-11,26.42,26.87,25.94,26.03,1756000.0,0,,,-1.0
2019-12-12,26.42,26.88,25.3,26.8,2671700.0,0,,,1.0
2019-12-13,26.7,27.53,26.4,27.5,2358800.0,0,,,
2019-12-16,27.37,27.85,26.8,27.31,1069400.0,0,,,
2019-12-17,27.01,27.44,26.95,27.03,910600.0,0,,,
2019-12-18,27.01,27.36,26.86,27.14,1064700.0,0,,,
2019-12-19,27.14,27.78,26.95,27.41,995700.0,0,,,-1.0
2019-12-20,27.39,27.75,27.31,27.43,604400.0,0,,,
2019-12-23,27.42,27.58,26.91,27.27,873300.0,0,,,
2019-12-24,27.27,27.65,27.1,27.43,707300.0,0,,,
2019-12-25,27.45,27.6,27.2,27.45,725000.0,0,,,
2019-12-26,27.55,29.12,27.29,28.62,1172100.0,0,,,
2019-12-27,28.67,28.77,28.0,28.33,748200.0,0,,,
2019-12-30,27.9,28.47,27.01,28.33,924100.0,0,,,
2019-12-31,28.19,28.95,28.14,28.35,602500.0,0,,,
2020-01-02,28.2,28.55,27.66,28.02,957400.0,0,,-1,1.0
2020-01-03,27.98,27.98,26.89,27.69,1818700.0,0,,,
2020-01-06,27.61,27.96,27.38,27.68,1169600.0,0,,,
2020-01-07,27.68,27.85,27.53,27.69,1015600.0,0,-1,,
2020-01-08,27.79,28.22,27.1,27.8,976900.0,0,,,
2020-01-09,28.05,28.4,27.79,28.07,828000.0,0,,,
2020-01-10,28.07,28.57,27.91,28.26,653100.0,0,,,-1.0
2020-01-13,28.27,28.99,28.16,28.3,764800.0,0,1,,
2020-01-14,28.41,28.79,28.21,28.42,851700.0,0,,,
2020-01-15,28.77,28.77,28.18,28.29,1188600.0,0,,,
2020-01-16,28.3,28.69,27.83,28.36,863900.0,0,,,
2020-01-17,28.59,28.86,28.19,28.8,1069100.0,0,,,1.0
2020-01-20,29.0,29.95,28.66,29.4,1416800.0,0,,,
2020-01-21,29.17,29.76,28.81,29.65,1263100.0,0,,1,
2020-01-22,29.51,30.16,29.33,30.11,1096200.0,0,,,
2020-01-23,30.2,30.2,28.57,29.57,1202100.0,0,,,
2020-02-03,27.96,27.96,26.61,26.61,675400.0,0,,-1,
2020-02-04,26.61,28.0,26.08,27.96,1816100.0,0,,,
2020-02-05,27.72,28.49,27.41,28.0,1000400.0,0,-1,,-1.0
2020-02-06,28.18,28.34,27.78,27.98,664400.0,0,,,
2020-02-07,27.79,27.98,26.87,27.8,656100.0,0,,,
2020-02-10,27.8,27.88,27.33,27.48,441400.0,0,,,
2020-02-11,27.48,27.67,27.15,27.49,439800.0,0,,,
2020-02-12,27.4,27.55,27.12,27.48,868500.0,0,,,
2020-02-13,27.55,27.55,26.89,27.26,640300.0,0,,,
2020-02-14,27.04,27.3,26.77,27.06,389000.0,0,,,
2020-02-17,27.14,27.46,27.07,27.41,714300.0,0,,,
2020-02-18,27.68,28.93,27.55,28.74,1971900.0,0,,,1.0
2020-02-19,28.75,29.0,28.36,28.63,1269300.0,0,1,,
2020-02-20,28.62,29.5,28.25,29.5,1016200.0,0,,1,
2020-02-21,30.01,30.5,28.98,30.35,2773200.0,0,,,
2020-02-24,29.95,30.25,29.61,30.06,919600.0,0,,,
2020-02-25,29.9,30.3,29.1,30.06,1405800.0,0,,,
2020-02-26,29.64,29.83,29.05,29.46,966900.0,0,,,
2020-02-27,29.5,29.52,28.82,29.0,1009800.0,0,,,
2020-02-28,28.7,28.7,27.3,28.28,936900.0,0,,,-1.0
2020-03-02,28.18,29.02,28.01,28.8,1756400.0,0,-1,-1,
2020-03-03,28.7,28.89,28.49,28.69,627500.0,0,,,
2020-03-04,28.59,28.7,28.19,28.5,486400.0,0,,,
2020-03-05,28.51,28.66,28.06,28.2,664100.0,0,,,
2020-03-06,27.91,28.97,27.91,28.78,949100.0,0,,,
2020-03-09,30.0,30.51,29.4,30.0,2946300.0,0,,,
2020-03-10,31.0,31.63,30.01,31.12,3553100.0,0,1,1,1.0
2020-03-11,31.0,32.22,30.71,31.89,2754500.0,0,,,
2020-03-12,31.4,32.8,30.73,32.29,2786800.0,0,,,
2020-03-13,32.22,33.35,31.6,33.35,2115400.0,0,,,
2020-03-16,34.85,36.5,33.5,35.01,4027100.0,0,,,
2020-03-17,34.32,38.06,34.1,37.68,3256900.0,0,,,
2020-03-18,37.8,39.44,36.88,38.72,3260500.0,0,,,
2020-03-19,38.69,39.0,37.4,38.24,1893800.0,0,,,
2020-03-20,38.36,38.68,37.7,38.36,1415500.0,0,,,-1.0
2020-03-23,37.89,38.96,36.87,38.35,2107200.0,0,,,
2020-03-24,38.81,39.45,37.6,38.51,2101200.0,0,,,
2020-03-25,38.01,39.41,37.81,38.85,2505400.0,0,,,
2020-03-26,39.0,39.77,38.25,39.3,1777600.0,0,,,
2020-03-27,39.3,39.73,38.5,38.6,1420000.0,0,,,
2020-03-30,38.6,39.0,36.5,38.67,1597400.0,0,,,
2020-03-31,38.87,40.0,38.08,40.0,1987300.0,0,,,
2020-04-01,40.0,41.46,39.0,39.0,2085200.0,0,,,
2020-04-02,39.0,39.5,38.28,39.31,1159500.0,0,,,
2020-04-03,39.32,39.71,39.01,39.44,955900.0,0,,-1,
2020-04-07,39.99,40.0,39.1,39.45,1340200.0,0,,,
2020-04-08,39.09,40.87,37.99,39.79,2655800.0,0,,,
2020-04-09,39.79,39.93,39.3,39.81,1221200.0,0,,,
2020-04-10,41.45,43.5,40.84,42.68,5184400.0,0,,,1.0
2020-04-13,42.11,42.6,40.84,41.87,3067300.0,0,,,
2020-04-14,41.56,41.88,39.65,41.04,2494900.0,0,,,
2020-04-15,40.8,40.95,39.81,39.93,2086500.0,0,,,
2020-04-16,39.98,40.37,39.37,40.28,1689500.0,0,,,
2020-04-17,40.01,40.85,39.91,40.5,2208300.0,0,,,
2020-04-20,41.3,42.48,40.8,42.2,1656000.0,0,,,-1.0
2020-04-21,42.0,42.65,41.47,41.97,1282800.0,0,-1,,
2020-04-22,42.5,42.91,41.3,41.49,1274900.0,0,1,,
2020-04-23,40.8,41.03,39.52,39.8,1800300.0,0,,,
2020-04-24,39.51,40.2,39.18,39.19,1705000.0,0,,,
2020-04-27,38.74,39.49,38.02,38.92,979500.0,0,-1,,
2020-04-28,38.99,38.99,36.8,37.46,1774800.0,0,,,
2020-04-29,36.78,37.97,36.75,37.66,964600.0,0,,,
2020-04-30,37.44,39.5,37.44,39.2,1191500.0,0,,,
2020-05-06,39.15,39.58,38.21,38.6,722200.0,0,,,
2020-05-07,38.3,38.95,38.04,38.8,631800.0,0,,,
2020-05-08,38.81,39.5,38.81,39.23,885400.0,0,,,
2020-05-11,39.24,39.49,39.0,39.25,381000.0,0,1,,
2020-05-12,39.2,40.72,39.2,40.5,1007000.0,0,,,
2020-05-13,40.72,41.48,40.2,40.4,899500.0,0,,,
2020-05-14,30.92,31.45,29.77,30.1,1532300.0,0,,,
2020-05-15,30.1,30.1,29.55,29.95,824900.0,0,,,1.0
2020-05-18,30.2,30.2,29.24,29.6,696400.0,0,,,
2020-05-19,29.58,29.72,29.16,29.55,434000.0,0,-1,,
2020-05-20,29.15,29.68,29.02,29.3,605700.0,0,,,
2020-05-21,29.3,29.59,29.0,29.28,423100.0,0,,,-1.0
2020-05-22,29.99,31.15,29.35,31.01,1910200.0,0,,,
2020-05-25,31.01,31.38,30.27,30.45,1522100.0,0,,,
2020-05-26,30.45,30.89,29.88,30.69,1120900.0,0,1,,1.0
2020-05-27,30.8,30.97,30.2,30.55,896100.0,0,,1,
2020-05-28,30.44,30.85,30.18,30.58,966600.0,0,,,
2020-05-29,30.56,30.73,30.3,30.57,1113700.0,0,,,
2020-06-01,30.99,30.99,30.51,30.62,958500.0,0,,,
2020-06-02,30.55,30.61,30.22,30.54,1009600.0,0,,,-1.0
2020-06-03,30.5,30.98,30.33,30.52,544500.0,0,,,
2020-06-04,30.4,30.79,30.35,30.73,701400.0,0,-1,,
2020-06-05,30.63,32.15,30.63,31.8,1558700.0,0,1,,
2020-06-08,31.8,32.69,31.7,32.69,2537400.0,0,,,1.0
2020-06-09,33.03,33.54,32.69,33.37,1899700.0,0,,,
2020-06-10,33.67,34.05,33.4,33.65,1678300.0,0,,,
2020-06-11,34.0,34.27,32.9,33.48,1900100.0,0,,,
2020-06-12,33.11,33.8,32.66,33.49,1536100.0,0,,,
2020-06-15,33.49,33.78,32.37,32.66,1672400.0,0,,,
2020-06-16,32.67,32.83,32.15,32.77,1418900.0,0,,,
2020-06-17,32.77,32.77,32.1,32.3,1231600.0,0,,,-1.0
2020-06-18,32.39,32.39,30.2,32.3,3417700.0,0,-1,,
2020-06-19,32.29,32.29,31.1,31.79,1470900.0,0,,-1,
2020-06-22,31.8,32.45,31.76,32.19,1455000.0,0,,,1.0
2020-06-23,32.32,32.32,31.2,31.34,1083800.0,0,,,
2020-06-24,31.25,31.34,30.3,30.7,969900.0,0,,,
2020-06-29,30.43,32.0,30.03,31.49,1766800.0,0,,,-1.0
2020-06-30,31.6,32.27,31.52,31.61,948700.0,0,,,
2020-07-01,31.61,31.87,31.32,31.71,943500.0,0,,,
2020-07-02,31.67,32.3,31.6,31.81,994500.0,0,,,
2020-07-03,31.78,32.29,30.23,31.85,969500.0,0,1,,
2020-07-06,31.76,31.85,30.99,31.6,1199600.0,0,,,
2020-07-07,31.6,32.01,31.06,31.93,1425300.0,0,,,
2020-07-08,31.8,32.21,31.41,32.17,1623300.0,0,,,1.0
2020-07-09,32.09,33.77,32.01,33.43,2929900.0,0,,1,
2020-07-10,33.43,34.71,32.98,34.35,2555400.0,0,,,
2020-07-13,34.36,34.7,33.78,34.09,2645000.0,0,,,
2020-07-14,34.06,34.06,33.14,33.83,1327700.0,0,,,
2020-07-15,33.7,34.28,33.57,34.11,2257700.0,0,,,
2020-07-16,34.16,34.37,32.51,33.6,1809600.0,0,,,
2020-07-17,33.57,33.94,33.2,33.45,882200.0,0,,,-1.0
2020-07-20,33.44,34.76,33.44,34.7,3345400.0,0,,,
2020-07-21,35.62,35.62,34.3,34.7,2729300.0,0,,,
2020-07-22,34.7,35.15,34.49,34.71,2431300.0,0,,,
2020-07-23,34.66,34.95,33.58,34.53,3520200.0,0,,,1.0
2020-07-24,34.45,34.98,33.7,34.13,2216600.0,0,,,
2020-07-27,34.13,34.43,33.0,33.28,2090500.0,0,,-1,
2020-07-28,33.2,33.69,32.31,33.6,1551900.0,0,-1,,
2020-07-29,33.51,33.99,33.31,33.92,2177800.0,0,,,
2020-07-30,33.89,34.24,33.27,33.69,1148500.0,0,,,-1.0
2020-07-31,33.57,34.1,33.46,34.01,1716600.0,0,,,
2020-08-03,34.0,34.22,33.41,33.63,1537300.0,0,,,
2020-08-04,33.46,33.58,33.03,33.1,1037900.0,0,,,
2020-08-05,33.0,33.6,32.7,33.0,1127200.0,0,,,
2020-08-06,33.1,33.48,32.59,32.88,1259900.0,0,,,
2020-08-07,33.13,34.15,32.87,34.12,2180300.0,0,,,
2020-08-10,34.8,34.8,33.4,34.0,2697000.0,0,,,1.0
2020-08-11,33.88,34.1,33.0,33.0,2234000.0,0,,,
2020-08-12,33.0,33.0,32.27,32.45,2010500.0,0,,,
2020-08-13,32.47,33.33,32.0,33.33,1412900.0,0,1,,
2020-08-14,33.34,35.38,33.34,35.05,3920500.0,0,,,
2020-08-17,35.36,37.0,35.35,36.71,4274900.0,0,,1,
2020-08-18,37.01,37.39,35.18,36.05,3840700.0,0,,,
2020-08-19,36.04,36.25,35.58,36.0,1370400.0,0,,,
2020-08-20,36.09,36.09,35.18,35.2,1361400.0,0,,,
2020-08-21,35.2,35.45,34.15,34.55,1831100.0,0,,,
2020-08-24,34.55,36.48,34.15,35.94,1804500.0,0,,,-1.0
2020-08-25,35.94,36.36,35.68,36.06,1150700.0,0,,,
2020-08-26,36.08,36.68,35.83,36.08,1422000.0,0,,,
2020-08-27,36.09,36.49,34.92,36.11,1501400.0,0,-1,,
2020-08-28,36.33,36.33,35.1,35.4,1998800.0,0,1,,
2020-08-31,35.4,35.4,34.2,34.47,2995500.0,0,,-1,
2020-09-01,34.05,35.97,33.2,35.87,2659500.0,0,,,1.0
2020-09-02,36.0,37.01,35.87,36.99,5053700.0,0,,1,
2020-09-03,37.02,38.51,37.0,37.24,4629200.0,0,,,
2020-09-04,37.21,37.96,35.99,36.9,4777800.0,0,,,
2020-09-07,36.89,37.82,36.76,37.49,4461600.0,0,,,
2020-09-08,37.38,37.83,36.0,36.54,3779000.0,0,,,
2020-09-09,36.55,36.89,35.95,36.19,2579000.0,0,,,
2020-09-10,36.2,36.5,34.21,34.96,2568600.0,0,,-1,
2020-09-11,35.0,36.33,33.63,35.99,2876000.0,0,-1,,-1.0
2020-09-14,35.99,36.29,35.18,36.0,2143200.0,0,,,
2020-09-15,36.23,36.45,35.71,35.88,2455900.0,0,,,
2020-09-16,35.75,36.0,34.53,35.8,2048900.0,0,,,
2020-09-17,35.99,36.75,35.57,36.75,2836800.0,0,,,
2020-09-18,37.0,38.42,36.33,38.06,4182400.0,0,1,1,
2020-09-21,37.92,39.08,37.9,38.67,3639100.0,0,,,1.0
2020-09-22,38.57,38.85,38.25,38.5,2496900.0,0,,,
2020-09-23,38.54,41.1,38.52,40.79,4605100.0,0,,,
2020-09-24,41.15,41.19,38.56,39.0,4205500.0,0,,,
2020-09-25,38.74,39.19,37.56,37.82,2939600.0,0,,,
2020-09-28,38.0,38.4,36.36,37.25,2401500.0,0,,,
2020-09-29,37.5,37.55,36.41,36.82,2459400.0,0,,-1,
2020-09-30,36.99,38.6,36.92,38.44,2336700.0,0,-1,,-1.0
2020-10-09,38.48,38.65,37.72,38.45,2111800.0,0,,,
2020-10-12,38.4,38.46,37.68,38.09,2045800.0,0,,,
2020-10-13,38.0,38.12,37.4,38.09,1671000.0,0,,,
2020-10-14,38.07,38.68,37.75,38.09,2106300.0,0,,,
2020-10-15,37.99,38.36,37.55,38.15,2587300.0,0,1,,
2020-10-16,38.12,39.28,38.01,38.43,3583500.0,0,,,
2020-10-19,38.45,38.67,36.6,36.6,2983700.0,0,,,1.0
2020-10-20,36.6,39.32,36.1,39.27,4549200.0,0,,,
2020-10-21,39.35,39.6,38.2,38.26,3654500.0,0,-1,,
2020-10-22,38.26,38.5,37.4,37.74,2274600.0,0,,,
2020-10-23,37.75,38.51,37.56,37.75,2306900.0,0,,,
2020-10-26,37.75,37.75,36.7,37.16,1555700.0,0,1,,
2020-10-27,37.04,37.72,36.9,37.52,1508400.0,0,-1,,-1.0
2020-10-28,37.53,38.02,37.16,37.78,1292600.0,0,,,
2020-10-29,37.66,38.78,37.11,38.07,2131900.0,0,,,
2020-10-30,38.07,38.58,37.1,37.28,2222200.0,0,,,
2020-11-02,37.26,37.74,36.61,37.05,1390600.0,0,,,
2020-11-03,37.06,37.88,36.91,37.77,1950200.0,0,,,
2020-11-04,37.78,39.18,37.77,38.87,3462600.0,0,1,,1.0
2020-11-05,38.88,39.19,37.97,37.99,3634400.0,0,,,
2020-11-06,37.9,38.0,37.01,37.48,1619500.0,0,,,
2020-11-09,37.43,37.65,37.1,37.65,2110400.0,0,,,
2020-11-10,37.64,37.95,37.11,37.46,1626900.0,0,,,
2020-11-11,37.38,37.94,37.16,37.4,1728400.0,0,-1,,-1.0
2020-11-12,37.38,37.75,36.98,37.01,1421700.0,0,,,
2020-11-13,36.95,37.49,36.41,37.33,1632100.0,0,,,
2020-11-16,37.34,37.54,37.22,37.4,903300.0,0,,,
2020-11-17,37.4,37.52,37.28,37.4,1075900.0,0,,,
2020-11-18,37.4,37.77,37.04,37.4,965800.0,0,,,
2020-11-19,37.4,37.55,37.06,37.16,1239800.0,0,,,
2020-11-20,37.15,37.22,37.01,37.04,995400.0,0,,,
2020-11-23,37.04,37.18,36.5,36.89,1075700.0,0,,,
2020-11-24,36.78,36.9,35.54,35.77,1064300.0,0,,,
2020-11-25,35.8,36.52,35.77,36.49,3268100.0,0,,,1.0
2020-11-26,36.69,38.49,36.68,38.24,4341600.0,0,,,
2020-11-27,38.43,38.47,36.95,37.39,3253100.0,0,,1,
2020-11-30,37.35,37.4,36.7,36.87,3624800.0,0,,-1,
2020-12-01,35.0,37.11,35.0,36.9,2372200.0,0,1,,
2020-12-02,36.84,37.63,36.78,36.89,1733600.0,0,,,
2020-12-03,36.9,37.15,36.26,36.68,947800.0,0,,,
2020-12-04,36.69,36.86,36.42,36.77,819000.0,0,-1,,-1.0
2020-12-07,36.77,36.88,36.16,36.79,814100.0,0,,,
2020-12-08,36.8,36.84,36.44,36.77,734100.0,0,,,
2020-12-09,36.74,36.81,36.47,36.47,569400.0,0,,,
2020-12-10,36.47,36.97,36.35,36.49,516600.0,0,,,
2020-12-11,36.5,36.95,36.0,36.95,759100.0,0,,,
2020-12-14,37.14,37.2,36.53,36.85,779700.0,0,,1,
2020-12-15,36.76,37.9,36.57,37.18,2651900.0,0,1,,1.0
2020-12-16,37.15,37.5,36.39,36.85,1347200.0,0,,,
2020-12-17,36.82,37.0,36.04,36.32,1144100.0,0,,,
2020-12-18,36.2,37.1,36.06,36.7,1330400.0,0,,,
2020-12-21,36.7,37.5,36.21,36.7,1189500.0,0,,,
2020-12-22,36.65,36.89,35.03,36.79,1076400.0,0,-1,,
2020-12-23,36.78,36.8,36.37,36.67,724400.0,0,,,-1.0
2020-12-24,36.65,36.85,36.1,36.73,654200.0,0,,,
2020-12-25,36.7,36.82,36.39,36.69,804500.0,0,,,
2020-12-28,36.68,36.98,36.3,36.61,1111700.0,0,,,
2020-12-29,36.58,36.58,35.2,36.37,1229800.0,0,,-1,
2020-12-30,36.29,36.49,35.8,36.06,757400.0,0,,,
2020-12-31,36.09,36.25,35.24,36.06,934600.0,0,,,
2021-01-04,36.42,37.25,36.1,37.0,1457600.0,0,,1,1.0
2021-01-05,37.56,38.3,36.45,37.9,2096700.0,0,,,
2021-01-06,37.96,38.97,37.87,38.83,1586100.0,0,1,,
2021-01-07,38.84,39.49,36.92,38.9,2896700.0,0,,,
2021-01-08,38.61,38.87,37.32,37.69,2550100.0,0,,,
2021-01-11,37.35,37.58,36.64,37.21,1625500.0,0,,,
2021-01-12,37.05,37.5,36.58,36.98,1143800.0,0,,,
2021-01-13,36.9,37.1,36.05,36.43,953100.0,0,,-1,
2021-01-14,36.59,36.78,36.0,36.24,548800.0,0,-1,,-1.0
2021-01-15,36.24,36.42,35.93,36.0,710900.0,0,,,
2021-01-18,35.6,35.65,34.78,35.0,758500.0,0,,,
2021-01-19,34.97,35.6,33.2,33.7,960200.0,0,,,
2021-01-20,33.7,35.0,33.64,34.54,1893900.0,0,,,
2021-01-21,34.84,35.4,34.47,34.8,2124700.0,0,,,
2021-01-22,35.01,35.6,34.49,34.69,1113100.0,0,,,1.0
2021-01-25,34.81,36.99,34.68,36.7,1288400.0,0,,,
2021-01-26,36.7,37.0,34.49,34.93,1046000.0,0,,,
2021-01-27,34.9,35.01,34.5,34.73,336900.0,0,1,,
2021-01-28,34.6,34.6,31.23,32.7,1920300.0,0,-1,,-1.0
2021-01-29,32.7,33.47,32.29,33.03,909200.0,0,,,
2021-02-01,33.03,34.46,33.03,34.45,824600.0,0,,,
2021-02-02,34.47,35.99,34.47,35.45,1235200.0,0,,,
2021-02-03,35.44,35.78,35.21,35.43,710800.0,0,,1,
2021-02-04,35.38,36.66,34.94,36.36,3807700.0,0,1,,1.0
2021-02-05,36.36,36.79,36.06,36.06,2267800.0,0,,,
2021-02-08,36.2,36.39,35.41,35.75,1760200.0,0,,,
2021-02-09,35.74,35.74,34.03,34.83,1083100.0,0,,,
2021-02-10,34.83,35.3,34.12,35.19,677600.0,0,,,
2021-02-18,35.2,35.27,34.12,34.83,675900.0,0,,,-1.0
2021-02-19,34.83,34.94,34.56,34.72,807600.0,0,-1,,
2021-02-22,34.88,34.9,34.43,34.74,495800.0,0,,,
2021-02-23,34.6,35.49,33.77,35.32,591300.0,0,,,
2021-02-24,35.4,35.66,35.03,35.1,416300.0,0,,,
2021-02-25,35.2,35.2,34.28,34.67,428100.0,0,,,
2021-02-26,34.67,35.4,34.52,35.35,779400.0,0,,,
2021-03-01,35.35,35.72,35.15,35.55,702400.0,0,1,,
2021-03-02,35.88,36.56,35.55,36.38,1084100.0,0,,,1.0
2021-03-03,36.49,37.46,36.34,37.34,1092600.0,0,,,
2021-03-04,37.37,37.77,35.71,36.82,1045400.0,0,,,
2021-03-05,36.8,37.55,36.66,37.08,698300.0,0,,,
2021-03-08,37.1,37.37,36.28,36.66,950000.0,0,,,
2021-03-09,36.86,36.99,36.27,36.71,782700.0,0,,,
2021-03-10,36.76,36.76,32.11,36.29,1038900.0,0,,,
2021-03-11,36.29,36.7,36.29,36.57,633300.0,0,,,-1.0
2021-03-12,37.75,37.75,36.05,36.59,1000600.0,0,-1,,
2021-03-15,36.59,37.0,36.02,36.42,486200.0,0,,,
2021-03-16,36.42,36.66,36.3,36.42,514000.0,0,,,
2021-03-17,36.42,36.68,36.3,36.46,1252800.0,0,,,
2021-03-18,36.46,36.77,36.29,36.42,460600.0,0,,,
2021-03-19,36.42,36.65,36.28,36.28,395900.0,0,,-1,
2021-03-22,36.29,36.58,36.18,36.27,1346300.0,0,,,1.0
2021-03-23,36.27,37.1,36.2,36.97,1582600.0,0,1,1,
2021-03-24,37.0,38.96,37.0,38.57,2198200.0,0,,,
2021-03-25,38.58,40.78,34.97,37.99,4080600.0,0,,,
2021-03-26,38.15,45.56,36.69,45.56,5614500.0,0,,,
2021-03-29,45.44,45.45,36.45,36.45,6077100.0,0,,,
2021-03-30,29.16,30.71,29.16,29.16,4145600.0,0,,-1,
2021-03-31,25.0,29.16,25.0,28.04,8222600.0,0,-1,,
2021-04-01,26.76,27.15,25.76,26.69,6491200.0,0,,,
2021-04-02,26.21,26.3,25.51,25.82,4656100.0,0,,,
2021-04-06,25.89,25.95,25.0,25.22,5542400.0,0,,,
2021-04-07,25.0,25.22,24.98,25.18,3375600.0,0,,,
2021-04-08,25.24,25.24,24.71,24.72,4950600.0,0,,,-1.0
2021-04-09,24.68,24.7,23.22,23.68,9261500.0,0,,,
2021-04-12,23.64,23.64,22.52,22.84,4265900.0,0,,,
2021-04-13,22.89,22.89,22.25,22.31,2926000.0,0,,,
2021-04-14,22.15,22.56,22.06,22.5,2706900.0,0,,,
2021-04-15,22.48,22.48,21.71,21.73,3729300.0,0,,,
2021-04-16,21.64,21.91,21.56,21.74,2921800.0,0,,,
2021-04-19,21.74,22.5,21.61,22.21,4394500.0,0,,,
2021-04-20,22.1,22.6,22.02,22.27,4081600.0,0,,,
2021-04-21,22.38,22.46,22.03,22.1,2183700.0,0,,,
2021-04-22,22.06,22.15,21.58,21.61,3817400.0,0,,,
2021-04-23,21.62,21.63,20.9,21.01,3124900.0,0,,,1.0
2021-04-26,21.11,21.3,20.81,20.94,2004000.0,0,,1,-1.0
2021-04-27,21.0,21.0,20.23,20.33,2596700.0,0,,,
2021-04-28,20.15,20.52,20.11,20.25,1868200.0,0,,,
2021-04-29,20.2,20.44,20.14,20.16,2255200.0,0,,,
2021-04-30,20.2,20.28,19.61,19.64,2384600.0,0,,,
2021-05-06,19.64,19.82,19.64,19.74,1231800.0,0,,,
2021-05-07,19.76,19.91,19.53,19.55,1554600.0,0,,,
2021-05-10,19.63,21.21,19.56,20.45,3875500.0,0,,,
2021-05-11,20.59,20.59,20.01,20.2,1999000.0,0,,,
2021-05-12,20.19,21.19,20.03,20.99,4163900.0,0,,,1.0
2021-05-13,20.66,21.2,20.66,21.13,3168600.0,0,1,,
2021-05-14,21.0,21.24,20.7,20.88,2719900.0,0,,,
2021-05-17,20.6,20.68,19.61,19.9,3303900.0,0,,,
2021-05-18,19.85,20.08,19.8,19.92,1291600.0,0,,,
2021-05-19,20.09,20.1,19.58,19.85,2138700.0,0,,,-1.0
2021-05-20,20.1,20.1,19.6,19.65,1253400.0,0,-1,,
2021-05-21,19.65,19.93,19.64,19.72,1097100.0,0,,,
2021-05-24,19.76,19.77,19.62,19.69,880400.0,0,,,
2021-05-25,19.75,19.82,19.62,19.75,1185200.0,0,,,
2021-05-26,19.75,20.15,19.75,20.0,1616300.0,0,,,
2021-05-27,19.97,21.33,19.83,21.0,4180800.0,0,,,
2021-05-28,20.9,21.0,20.11,20.3,3102300.0,0,1,,1.0
2021-05-31,20.29,20.4,20.07,20.15,1728600.0,0,,,
2021-06-01,20.23,20.3,20.1,20.23,1470800.0,0,,,
2021-06-02,20.29,20.29,19.88,19.94,1762200.0,0,,,
2021-06-03,19.97,20.18,19.85,19.92,1356700.0,0,,,
2021-06-04,19.85,19.93,19.53,19.57,1583000.0,0,-1,,-1.0
2021-06-07,19.57,19.76,19.57,19.7,822000.0,0,,,
2021-06-08,19.86,19.87,19.59,19.61,1004500.0,0,,,
2021-06-09,19.6,20.48,19.57,20.02,2567400.0,0,,,
2021-06-10,19.87,20.12,19.76,19.82,1490300.0,0,,,
2021-06-11,19.98,20.4,19.8,20.2,2412700.0,0,,,1.0
2021-06-15,20.24,20.62,20.05,20.09,1935000.0,0,1,,
2021-06-16,19.96,20.27,19.7,20.18,1718000.0,0,,,
2021-06-17,20.15,21.28,20.1,20.79,4669000.0,0,,,
2021-06-18,20.4,21.37,20.35,21.32,5277700.0,0,,,
2021-06-21,21.32,21.32,20.76,20.79,3859800.0,0,,,
2021-06-22,20.7,22.17,20.7,21.9,7226800.0,0,,,
2021-06-23,21.92,22.09,21.31,22.09,4659400.0,0,,,
2021-06-24,21.9,21.98,21.2,21.2,3592400.0,0,,,
2021-06-25,21.19,21.45,20.7,20.75,2943200.0,0,,,
2021-06-28,20.75,20.94,20.43,20.93,1993400.0,0,,,
2021-06-29,20.72,21.36,20.63,21.07,2526900.0,0,,,-1.0
2021-06-30,21.27,23.18,21.08,22.05,6057500.0,0,-1,,
2021-07-01,22.3,22.45,21.41,21.5,3436600.0,0,,,
2021-07-02,21.67,22.11,21.46,21.65,3049900.0,0,1,,
2021-07-05,21.7,22.3,21.22,21.65,2807100.0,0,,,
2021-07-06,21.6,21.61,20.95,21.11,2746800.0,0,,,1.0
2021-07-07,21.02,21.88,21.02,21.22,2546200.0,0,,,-1.0
2021-07-08,21.1,21.3,20.8,20.83,2378900.0,0,,,
2021-07-09,20.75,21.02,20.44,20.57,2034100.0,0,-1,-1,
2021-07-12,20.8,20.96,20.56,20.7,1630600.0,0,,,
2021-07-13,20.67,20.77,20.5,20.62,1410800.0,0,,,
2021-07-14,20.62,21.17,20.44,20.92,2347400.0,0,,,
2021-07-15,20.8,20.96,19.85,20.04,2478000.0,0,,,
2021-07-16,20.05,20.35,19.8,20.1,1227500.0,0,,,
2021-07-19,20.07,20.07,19.51,19.58,1625600.0,0,,,
2021-07-20,19.5,19.55,19.02,19.15,1776900.0,0,,,
2021-07-21,19.14,19.39,19.14,19.19,893800.0,0,,,
2021-07-22,19.18,19.3,19.12,19.27,892300.0,0,,,
2021-07-23,19.26,19.31,18.33,18.42,2243500.0,0,,,
2021-07-26,18.41,18.41,17.86,17.93,1232300.0,0,,,
2021-07-27,18.05,18.05,17.09,17.22,1657700.0,0,,,
2021-07-28,17.2,17.2,16.3,16.52,1301300.0,0,,,
2021-07-29,16.7,16.95,16.6,16.79,1185600.0,0,,,1.0
2021-07-30,16.83,17.58,16.68,17.32,1695300.0,0,,,-1.0
2021-08-02,17.31,17.66,17.11,17.65,1186500.0,0,,,
2021-08-03,17.55,17.89,17.53,17.65,1228700.0,0,,,
2021-08-04,17.68,17.97,17.6,17.69,1084600.0,0,,,
2021-08-05,17.62,17.79,17.42,17.54,967300.0,0,1,,
2021-08-06,17.62,17.71,17.2,17.27,926900.0,0,,,
2021-08-09,17.49,17.89,17.32,17.85,1231300.0,0,,1,
2021-08-10,17.69,18.3,17.69,18.24,1463100.0,0,,,
2021-08-11,18.19,18.36,18.06,18.19,862800.0,0,,,
2021-08-12,18.19,18.95,18.09,18.45,2061100.0,0,,,1.0
2021-08-13,18.35,18.59,18.17,18.44,1023200.0,0,,,
2021-08-16,18.5,18.5,18.08,18.17,916700.0,0,,,
2021-08-17,18.35,18.35,17.54,17.65,1049000.0,0,,,
2021-08-18,17.65,17.96,17.63,17.71,714800.0,0,,,
2021-08-19,17.76,18.46,17.61,18.3,1952900.0,0,,,-1.0
2021-08-20,18.25,18.25,17.61,17.77,1397200.0,0,-1,,
2021-08-23,17.91,18.69,17.77,18.66,2348700.0,0,,,1.0
2021-08-24,18.68,19.12,18.5,18.58,2107900.0,0,1,,
2021-08-25,18.69,18.87,18.26,18.57,1398300.0,0,,,
2021-08-26,18.7,18.7,18.23,18.26,1422800.0,0,,,
2021-08-27,18.08,18.34,17.39,17.56,2181900.0,0,,,
2021-08-30,17.58,17.93,17.43,17.46,1122300.0,0,,,
2021-08-31,17.66,17.66,17.14,17.27,1175600.0,0,-1,,-1.0
2021-09-01,17.26,20.72,17.18,20.72,13341300.0,0,,,1.0
2021-09-02,20.58,20.58,19.51,20.13,11067800.0,0,1,,
2021-09-03,19.69,20.29,19.38,19.66,6188100.0,0,,,
2021-09-06,19.64,20.35,19.4,20.09,6446600.0,0,,,
2021-09-07,20.03,21.3,19.56,20.9,8657600.0,0,,,
2021-09-08,20.47,20.65,20.06,20.13,5142900.0,0,,,
2021-09-09,20.11,20.46,20.02,20.21,3084900.0,0,,,
2021-09-10,20.5,20.55,19.87,20.23,3574200.0,0,,,-1.0
2021-09-13,20.38,20.49,19.86,19.9,2876000.0,0,,,
2021-09-14,19.9,20.47,19.9,20.0,2401100.0,0,-1,,
2021-09-15,19.9,19.91,19.03,19.28,2326700.0,0,,,
2021-09-16,19.5,19.5,18.36,18.4,2072300.0,0,,-1,
2021-09-17,18.51,18.52,18.01,18.3,1328300.0,0,,,
2021-09-22,18.09,18.49,18.02,18.46,1034900.0,0,,,
2021-09-23,18.49,18.6,18.35,18.46,961100.0,0,,,
2021-09-24,18.44,18.52,18.18,18.21,939400.0,0,,,
2021-09-27,18.2,18.69,17.52,18.59,1436300.0,0,,,
2021-09-28,18.59,18.84,18.29,18.5,1332200.0,0,,,
2021-09-29,18.23,18.4,17.64,17.64,1064400.0,0,,,
2021-09-30,17.66,17.98,17.66,17.81,570100.0,0,,,
2021-10-08,18.0,18.47,17.91,18.25,779100.0,0,,,
2021-10-11,18.25,18.47,17.87,17.96,795300.0,0,,,
2021-10-12,18.0,18.06,17.65,17.75,666200.0,0,,,
2021-10-13,18.16,18.17,17.81,18.01,578200.0,0,,,
2021-10-14,18.02,18.31,17.92,18.15,731300.0,0,,,
2021-10-15,18.25,18.29,17.8,17.8,614000.0,0,,,
2021-10-18,17.77,18.05,17.74,18.02,569300.0,0,,,
2021-10-19,18.06,18.67,17.84,18.33,1492800.0,0,1,,1.0
2021-10-20,18.29,18.48,18.12,18.33,962900.0,0,,1,
2021-10-21,18.35,18.45,18.12,18.14,566000.0,0,,,
2021-10-22,18.31,18.31,17.82,17.83,582400.0,0,,,
2021-10-25,18.0,18.0,17.28,17.46,877200.0,0,,-1,
2021-10-26,17.5,17.79,17.47,17.7,720800.0,0,-1,,-1.0
2021-10-27,17.84,17.84,17.0,17.02,791200.0,0,,,
2021-10-28,17.41,17.43,16.87,16.9,552400.0,0,,,
2021-10-29,16.92,17.18,16.83,17.1,536400.0,0,,,
2021-11-01,17.28,17.98,17.12,17.76,1038600.0,0,,,
2021-11-02,17.88,17.88,17.12,17.25,892400.0,0,,,1.0
2021-11-03,17.18,17.47,17.18,17.31,472900.0,0,,,-1.0
2021-11-04,17.39,17.84,17.32,17.65,818800.0,0,1,1,1.0
2021-11-05,17.84,17.84,17.28,17.37,1036700.0,0,,,
2021-11-08,17.39,17.39,17.07,17.22,663100.0,0,,,
2021-11-09,17.22,17.35,17.11,17.3,669100.0,0,,,-1.0
2021-11-10,17.3,17.66,17.25,17.57,990100.0,0,,,1.0
2021-11-11,17.61,17.84,17.46,17.81,932400.0,0,,,
2021-11-12,17.81,17.94,17.63,17.84,783100.0,0,,,-1.0
2021-11-15,18.07,18.45,17.93,18.42,1600700.0,0,,,1.0
2021-11-16,18.45,18.5,18.1,18.12,897300.0,0,,,
2021-11-17,18.15,18.47,18.06,18.36,842000.0,0,,,
2021-11-18,18.3,18.98,18.3,18.35,1728600.0,0,,,
2021-11-19,18.35,18.56,18.18,18.4,1042051.0,0,,,
2021-11-22,18.4,18.98,18.4,18.63,1293070.0,0,,,
2021-11-23,18.79,19.76,18.68,19.33,3389827.0,0,,,
2021-11-24,19.27,19.5,19.0,19.23,1825403.0,0,,,
2021-11-25,19.25,19.5,19.19,19.39,1496246.0,0,,,
2021-11-26,19.46,19.64,18.96,19.05,1383939.0,0,,,
2021-11-29,18.89,19.18,18.68,18.76,1096400.0,0,,,
2021-11-30,18.73,19.45,18.73,19.12,1341200.0,0,,,-1.0
2021-12-01,19.12,19.37,18.96,19.36,1309440.0,0,,,
2021-12-02,19.36,19.69,19.18,19.2,1488320.0,0,,,
2021-12-03,19.19,19.33,18.86,19.06,887033.0,0,-1,,
2021-12-06,19.11,19.14,18.34,18.39,1319930.0,0,,-1,
2021-12-07,18.61,18.67,18.24,18.55,775700.0,0,,,
2021-12-08,18.5,18.62,18.41,18.6,773420.0,0,,,
2021-12-09,18.6,18.69,18.38,18.44,845996.0,0,,,
2021-12-10,18.4,18.5,18.32,18.37,584346.0,0,,,
2021-12-13,18.4,18.49,18.1,18.31,883500.0,0,,,
2021-12-14,18.31,18.65,18.12,18.5,646820.0,0,,,
2021-12-15,18.4,18.79,18.35,18.4,686610.0,0,,,
2021-12-16,18.4,18.75,18.3,18.64,970850.0,0,,,
2021-12-17,18.75,21.3,18.69,20.03,7034836.0,0,1,1,1.0
2021-12-20,19.5,19.94,19.13,19.9,4065764.0,0,,,
2021-12-21,19.63,19.84,19.18,19.43,2693902.0,0,,,
2021-12-22,19.45,19.46,19.05,19.06,1715400.0,0,,,
2021-12-23,19.05,19.33,18.85,19.32,1762410.0,0,,,
2021-12-24,19.34,19.34,18.51,18.56,1686190.0,0,,-1,
2021-12-27,18.0,18.57,17.9,18.3,836770.0,0,-1,,-1.0
2021-12-28,18.29,18.54,18.29,18.37,684370.0,0,,,
2021-12-29,18.57,18.57,18.3,18.33,661070.0,0,,,
2021-12-30,18.35,18.51,18.33,18.41,789853.0,0,,,
2021-12-31,18.5,18.58,18.42,18.49,800826.0,0,,,
2022-01-04,18.5,18.88,18.48,18.87,1083200.0,0,,,
2022-01-05,18.85,19.22,18.61,19.1,1373816.0,0,,,
2022-01-06,19.01,19.31,18.76,19.2,1150900.0,0,1,1,
2022-01-07,19.19,19.31,18.65,18.65,1014540.0,0,,-1,1.0
2022-01-10,18.65,19.07,18.4,19.03,774516.0,0,,1,
2022-01-11,18.99,19.35,18.98,19.03,965682.0,0,,,
2022-01-12,18.96,19.45,18.96,19.31,1452930.0,0,,,
2022-01-13,19.31,19.41,19.18,19.28,1100760.0,0,,,
2022-01-14,19.28,19.38,18.8,18.8,1374000.0,0,,,
2022-01-17,18.8,19.45,18.71,19.4,2076510.0,0,,,
2022-01-18,19.48,19.5,18.73,18.89,1768544.0,0,,,
2022-01-19,18.76,19.25,18.76,19.07,861421.0,0,,,
2022-01-20,19.07,19.07,18.01,18.01,1768420.0,0,-1,-1,
2022-01-21,18.18,18.35,17.99,18.02,674900.0,0,,,
2022-01-24,18.03,18.23,17.71,17.74,547200.0,0,,,-1.0
2022-01-25,17.74,17.74,16.88,16.88,1054800.0,0,,,
2022-01-26,17.09,17.24,16.81,16.97,567800.0,0,,,
2022-01-27,17.21,17.21,16.35,16.35,773983.0,0,,,
2022-01-28,16.52,16.96,16.43,16.79,626330.0,0,,,
2022-02-07,17.08,17.4,16.93,17.16,598390.0,0,,,
2022-02-08,17.11,17.41,17.04,17.39,573100.0,0,,,
2022-02-09,17.52,17.68,17.36,17.49,554400.0,0,,,
2022-02-10,17.59,17.65,17.08,17.22,479000.0,0,1,,
2022-02-11,17.35,17.35,16.73,16.8,745650.0,0,,,
2022-02-14,16.65,17.29,16.63,16.97,588975.0,0,,,
2022-02-15,17.05,17.08,16.7,16.76,498100.0,0,,,
2022-02-16,17.02,17.58,16.85,17.42,1186048.0,0,-1,,1.0
2022-02-17,17.41,17.55,17.23,17.28,711900.0,0,,1,
2022-02-18,17.44,17.44,17.01,17.32,377215.0,0,,,
2022-02-21,17.4,17.79,17.34,17.48,551683.0,0,1,,
2022-02-22,17.6,17.66,17.13,17.27,546600.0,0,,,
2022-02-23,17.4,17.52,17.28,17.44,503100.0,0,,,-1.0
2022-02-24,17.49,17.62,16.76,16.91,1313925.0,0,,,
2022-02-25,17.01,17.54,17.01,17.17,895668.0,0,,,1.0
2022-02-28,17.17,17.36,16.73,17.22,594740.0,0,-1,,
2022-03-01,17.22,17.44,17.22,17.37,547936.0,0,,,
2022-03-02,17.38,17.46,17.23,17.44,436248.0,0,,,
2022-03-03,17.56,17.56,17.24,17.27,474530.0,0,1,,-1.0
2022-03-04,17.18,17.53,17.06,17.28,1080480.0,0,,,
2022-03-07,17.28,17.35,16.88,16.93,518500.0,0,,,
2022-03-08,16.94,17.0,16.32,16.38,593740.0,0,-1,-1,
2022-03-09,16.9,16.9,15.38,16.01,1364607.0,0,,,1.0
2022-03-10,16.1,16.48,15.83,15.83,964150.0,0,,,
2022-03-11,15.79,15.92,15.34,15.83,854063.0,0,,,
2022-03-14,15.84,15.84,15.5,15.5,728226.0,0,,,
2022-03-15,16.5,16.5,15.03,15.03,1566476.0,0,,,
2022-03-16,15.22,15.73,14.89,15.48,1093016.0,0,,,
2022-03-17,15.6,15.75,15.3,15.47,1041400.0,0,,,
2022-03-18,15.45,15.72,15.36,15.55,820470.0,0,,,
2022-03-21,15.8,17.48,15.8,16.69,4042493.0,0,,1,
2022-03-22,16.41,17.48,16.28,16.53,3666363.0,0,1,,
2022-03-23,16.27,16.72,16.08,16.13,2229200.0,0,,,
2022-03-24,16.07,16.22,15.66,15.68,1015815.0,0,,,
2022-03-25,15.56,15.94,15.56,15.58,906500.0,0,,,
2022-03-28,15.52,15.65,15.09,15.5,905220.0,0,,,
2022-03-29,15.51,15.64,15.19,15.2,714300.0,0,-1,-1,-1.0
2022-03-30,15.3,15.4,15.21,15.3,574600.0,0,,,
2022-03-31,15.32,15.44,15.21,15.28,622515.0,0,,,
2022-04-01,15.3,15.3,15.06,15.11,730500.0,0,,,
2022-04-06,15.11,15.45,15.0,15.36,882300.0,0,,,
2022-04-07,15.27,15.36,14.97,15.0,676200.0,0,,,
2022-04-08,15.1,15.11,14.6,14.74,701510.0,0,,,
2022-04-11,14.79,14.92,14.17,14.28,613500.0,0,,,
2022-04-12,14.37,14.49,14.02,14.43,778920.0,0,,,1.0
2022-04-13,14.41,14.41,14.09,14.2,619600.0,0,,,-1.0
2022-04-14,14.2,14.45,14.2,14.3,419880.0,0,,,
2022-04-15,14.39,14.39,14.07,14.14,574900.0,0,,,
2022-04-18,14.14,14.42,14.02,14.26,377900.0,0,,,
2022-04-19,14.42,14.63,14.26,14.33,281500.0,0,,,
2022-04-20,14.33,14.47,14.2,14.26,576910.0,0,,,
2022-04-21,14.28,14.35,13.7,13.7,659800.0,0,,,
2022-04-22,13.65,14.11,13.6,13.81,635160.0,0,,,
2022-04-25,14.0,14.2,13.06,13.06,1032370.0,0,,,1.0
2022-04-26,13.06,13.39,12.33,12.4,747200.0,0,,,
2022-04-27,12.35,12.68,11.93,12.64,781100.0,0,,,
2022-04-28,12.56,13.5,12.39,13.5,829010.0,0,,,
2022-04-29,13.88,14.3,13.11,13.6,1967800.0,0,,,
2022-05-05,13.4,13.64,13.2,13.59,1032500.0,0,,1,
2022-05-06,13.49,13.49,13.16,13.27,787575.0,0,,,
2022-05-09,13.27,13.52,13.13,13.34,572300.0,0,1,,
2022-05-10,13.22,13.46,13.13,13.35,1365000.0,0,,,
2022-05-11,13.35,13.69,13.31,13.32,1602680.0,0,,,
2022-05-12,13.29,13.59,13.26,13.51,1019300.0,0,,,-1.0
2022-05-13,13.59,13.65,13.46,13.52,888590.0,0,,,1.0
2022-05-16,13.55,13.7,13.36,13.42,1015450.0,0,-1,,
2022-05-17,13.48,13.48,13.2,13.39,630400.0,0,1,,-1.0
2022-05-18,13.47,13.71,13.38,13.55,1152200.0,0,,,
2022-05-19,13.4,13.69,13.32,13.68,711800.0,0,,,
2022-05-20,13.7,13.93,13.59,13.87,1434200.0,0,,,
2022-05-23,13.92,13.98,13.75,13.89,1108081.0,0,,,
2022-05-24,13.7,14.13,13.24,13.27,1212600.0,0,,,1.0
2022-05-25,13.35,13.62,13.23,13.59,740483.0,0,,,
2022-05-26,13.63,13.92,13.37,13.58,697300.0,0,,,
2022-05-27,13.71,13.76,13.42,13.6,765800.0,0,,,-1.0
2022-05-30,13.78,13.8,13.54,13.78,923498.0,0,-1,,
2022-05-31,13.84,13.85,13.65,13.78,970904.0,0,1,,
2022-06-01,13.83,13.97,13.75,13.85,1344600.0,0,,,
2022-06-02,13.75,14.08,13.65,14.0,1523634.0,0,,,1.0
2022-06-06,14.03,14.3,14.03,14.22,1482576.0,0,,,
2022-06-07,14.3,14.3,13.89,14.08,993500.0,0,,,
2022-06-08,14.0,14.17,13.61,14.06,2432126.0,0,,,
2022-06-09,14.15,14.15,13.73,13.91,2081250.0,0,,,
2022-06-10,13.96,14.05,13.81,13.9,2897515.0,0,,,
2022-06-13,13.72,14.33,13.72,14.15,2075490.0,0,,,
2022-06-14,14.08,14.19,13.8,14.14,1612114.0,0,,,
2022-06-15,14.15,14.27,13.99,14.13,2247947.0,0,,,
2022-06-16,9.28,9.31,9.14,9.18,2412600.0,0,,,
2022-06-17,9.13,9.2,8.98,9.07,2339044.0,0,,,
2022-06-20,9.15,9.26,9.09,9.19,2095244.0,0,-1,,
2022-06-21,9.24,9.39,9.14,9.27,2224195.0,0,,,
2022-06-22,9.27,9.42,9.15,9.16,1998240.0,0,,,
2022-06-23,9.18,9.39,9.18,9.37,2350634.0,0,,,-1.0
2022-06-24,9.45,9.48,9.32,9.37,1768000.0,0,1,,
2022-06-27,9.37,9.45,9.32,9.42,1583289.0,0,,,
2022-06-28,9.42,9.69,9.33,9.64,2891109.0,0,,,
2022-06-29,9.66,9.77,9.42,9.47,2049292.0,0,,,
2022-06-30,9.48,9.57,9.41,9.44,1644450.0,0,,,
2022-07-01,9.5,9.64,9.37,9.45,1380421.0,0,,,
2022-07-04,9.47,9.5,9.35,9.38,1211951.0,0,,,
2022-07-05,9.46,9.48,9.16,9.26,1683989.0,0,,-1,
2022-07-06,9.27,9.27,9.12,9.22,1129219.0,0,-1,,
2022-07-07,9.24,9.33,9.18,9.22,1100100.0,0,,,
2022-07-08,9.27,9.6,9.27,9.4,1857400.0,0,,,
2022-07-11,9.45,9.46,9.27,9.32,1177500.0,0,,,
2022-07-12,9.37,9.43,9.15,9.19,1120839.0,0,,,
2022-07-13,9.24,9.48,9.19,9.48,1553750.0,0,,,
2022-07-14,9.48,9.7,9.4,9.58,2358930.0,0,1,1,1.0
2022-07-15,9.58,9.65,9.28,9.28,1760550.0,0,,-1,
2022-07-18,9.2,9.6,9.2,9.52,2890412.0,0,,1,
2022-07-19,9.53,9.7,9.44,9.65,2904738.0,0,,,
2022-07-20,9.62,9.82,9.55,9.79,4559085.0,0,,,
2022-07-21,9.77,9.81,9.64,9.66,2240000.0,0,,,
2022-07-22,9.65,9.78,9.54,9.64,1748176.0,0,,,
2022-07-25,9.64,9.71,9.51,9.57,1416700.0,0,,,
2022-07-26,9.51,9.61,9.48,9.58,1279721.0,0,,,-1.0
2022-07-27,9.55,9.66,9.53,9.66,1340226.0,0,,,
2022-07-28,9.69,9.83,9.65,9.7,2022150.0,0,,,
2022-07-29,9.66,9.97,9.66,9.86,3081600.0,0,,,
2022-08-01,9.95,9.95,9.73,9.91,2409277.0,0,,,
2022-08-02,9.81,9.91,9.42,9.51,3255825.0,0,,,1.0
2022-08-03,9.59,9.77,9.47,9.49,1921790.0,0,,-1,
2022-08-04,9.57,9.67,9.46,9.62,1405950.0,0,,,
2022-08-05,9.67,9.67,9.47,9.66,1848100.0,0,-1,,
2022-08-08,9.62,9.84,9.57,9.82,2052000.0,0,,,
2022-08-09,9.79,9.95,9.75,9.82,1242550.0,0,,1,-1.0
2022-08-10,9.8,10.04,9.78,9.98,3187812.0,0,1,,
2022-08-11,10.03,10.16,9.99,10.07,2679750.0,0,,,
2022-08-12,10.07,10.1,9.92,9.96,1714300.0,0,,,1.0
2022-08-15,9.97,10.08,9.83,9.97,1826950.0,0,,,
2022-08-16,10.01,10.07,9.92,9.99,1364000.0,0,,,
2022-08-17,10.04,10.04,9.85,9.89,1071667.0,0,,,-1.0
2022-08-18,9.94,9.95,9.81,9.92,932750.0,0,,,
2022-08-19,9.93,10.0,9.77,9.79,1910250.0,0,-1,-1,
2022-08-22,9.73,9.86,9.71,9.76,1328671.0,0,,,
2022-08-23,9.78,9.8,9.63,9.74,1344750.0,0,,,
2022-08-24,9.75,9.77,9.36,9.36,2230650.0,0,,,
2022-08-25,9.31,9.49,9.15,9.22,1552900.0,0,,,1.0
2022-08-26,9.16,9.38,9.16,9.17,1683750.0,0,,,
2022-08-29,9.17,9.36,9.03,9.35,1393250.0,0,,,
2022-08-30,9.39,9.44,9.25,9.37,1323784.0,0,,,
2022-08-31,9.35,9.39,9.13,9.14,1531339.0,0,,,-1.0
2022-09-01,9.17,9.25,9.06,9.06,1055850.0,0,,,
2022-09-02,9.18,9.36,9.06,9.36,1718950.0,0,,,
